Release,Publisher,Title,Price
03/21/18,Action Lab Entertainment,Miraculous Adventures Of Ladybug And Cat Noir Volume 1 Tp,$14.99 
03/21/18,Action Lab Entertainment,Princeless Raven The Pirate Princess Year Two Love And Revenge #6 ,$3.99 
03/21/18,Action Lab Entertainment,Toyetica #7,$3.99 
03/21/18,Aftershock Comics,Babyteeth #9,$3.99 
03/21/18,American Mythology Productions,Land That Time Forgot See-Ta The Savage #1 (Of 2) (Cover A Mike Wolfer),$3.99 
03/21/18,American Mythology Productions,Land That Time Forgot See-Ta The Savage #1 (Of 2) (Cover B Mike Wolfer Antique Variant),$7.99 
03/21/18,Amigo Comics,Tales Of Rogues #3 (Of 6),$3.99
03/21/18,Amryl Entertainment,Cavewoman Battle Ankhas Brood #1 (Of 2) (Cover C Devon Massey),Ar
03/21/18,Amryl Entertainment,Cavewoman Battle Ankhas Brood #1 (Of 2) (Cover G Conny Valentina),Ar
03/21/18,Archie Comic Publications,Archie #29 (Cover A Audrey Mok),$3.99 
03/21/18,Archie Comic Publications,Archie #29 (Cover B Pete Woods Milkshakes Variant),$3.99 
03/21/18,Archie Comic Publications,Archie #29 (Cover C Pete Woods Car Variant),$3.99 
03/21/18,Archie Comic Publications,Riverdale Digest #7,$6.99 
03/21/18,Aspen Comics,Jirni Primer #1 (One Shot),$0.25 
03/21/18,Aspen Comics,Jirni Volume 2 New Horizons Tp,$12.99 
03/21/18,Aspen Comics,Jirni Volume 3 #1 (Cover A Michael Santamaria),$3.99 
03/21/18,Aspen Comics,Jirni Volume 3 #1 (Cover B V Ken Marion),$3.99 
03/21/18,Aspen Comics,Jirni Volume 3 #1 (Cover C Talent Caldwell),Ar
03/21/18,Black Library,Warhammer 40000 Cult Of The Spiral Down Prose Novel Sc,$16.00 
03/21/18,Boom! Studios,Adventure Time Comics #21 (Cover A Bethany Sellers),$3.99
03/21/18,Boom! Studios,Adventure Time Comics #21 (Cover B Nuno Plati),$3.99
03/21/18,Boom! Studios,Adventure Time Comics #21 (Cover C Sapo Lendario),Ar
03/21/18,Boom! Studios,Amazing World Of Gumball Volume 4 Scrimmage Scramble Gn,$14.99
03/21/18,Boom! Studios,Big Trouble In Little China Old Man Jack #7 (Cover A Greg Smallwood),$3.99
03/21/18,Boom! Studios,Big Trouble In Little China Old Man Jack #7 (Cover B Michael Adams & Marco D'Alfonso Action Figure Variant),$3.99
03/21/18,Boom! Studios,Big Trouble In Little China Old Man Jack #7 (Cover C Will Robson Connecting Variant),Ar
03/21/18,Boom! Studios,Giant Days Volume 7 Tp,$14.99
03/21/18,Boom! Studios,Jim Henson'S The Storyteller Fairies #4 (Of 4) (Cover A Celia Lowenthal),$3.99
03/21/18,Boom! Studios,Jim Henson'S The Storyteller Fairies #4 (Of 4) (Cover B Sas Milledge),$3.99
03/21/18,Boom! Studios,Lucy Dreaming #1 (Cover A Michael Dialynas),$3.99
03/21/18,Boom! Studios,Saban'S Go Go Power Rangers #8 (Cover A Dan Mora),$3.99
03/21/18,Boom! Studios,Saban'S Go Go Power Rangers #8 (Cover B Miguel Mercado Civilian Variant),$3.99
03/21/18,Boom! Studios,Saban'S Go Go Power Rangers #8 (Cover C Michelle Wong Locker Variant),Ar
03/21/18,Boom! Studios,Saban'S Go Go Power Rangers #8 (Cover D Natacha Bustos Movie Variant),Ar
03/21/18,Boom! Studios,Saban'S Go Go Power Rangers #8 (Cover E Audrey Mok Paper Doll Variant),$3.99
03/21/18,Boom! Studios,Steven Universe #14 (Cover A Missy Pena),$3.99
03/21/18,Boom! Studios,Steven Universe #14 (Cover B Eleanora Bruni),$3.99
03/21/18,Boom! Studios,Wwe #15 (Cover A Dan Mora),$3.99
03/21/18,Boom! Studios,Wwe #15 (Cover B Adam Riches Diamond Dallas Page Action Figure Variant),$3.99
03/21/18,Boom! Studios,Wwe #15 (Cover C Brent Schoonover Raw 25th Anniversary Connecting Variant),$3.99
03/21/18,Boom! Studios,Wwe #15 (Cover D Andy Belanger Kevin Owens Variant),Ar
03/21/18,Boundless Comics,Jungle Fantasy Survivors #9 (Christian Zanier Vixens Cover),$7.99 
03/21/18,Boundless Comics,Jungle Fantasy Survivors #9 (Christian Zanier Vixens Daybreak Cover),$7.99 
03/21/18,Boundless Comics,Jungle Fantasy Survivors #9 (Jonatas Natural Beauty Cover),$5.99 
03/21/18,Boundless Comics,Jungle Fantasy Survivors #9 (Matt Martin Luscious Cover),$5.99 
03/21/18,Boundless Comics,Jungle Fantasy Survivors #9 (Raulo Caceres Wraparound Cover),$5.99 
03/21/18,Boundless Comics,Jungle Fantasy Survivors #9 (Renato Camilo Regular Cover),$5.99 
03/21/18,Boundless Comics,Jungle Fantasy Survivors #9 (Renato Camilo Sultry Cover),$5.99 
03/21/18,Boundless Comics,Jungle Fantasy Survivors #9 (Ron Adrian Bikini Babes Cover),$5.99 
03/21/18,Charmz,Chloe Volume 3 Frenemies Gn,$9.99
03/21/18,Charmz,Chloe Volume 3 Frenemies Hc,$14.99
03/21/18,Chronicle Books,Star Trek The Next Generation Cats Hc,$14.95
03/21/18,Comic Shop News,Comic Shop News #1605,Ar
03/21/18,Danger Zone,Consultant #4 (Of 4),$3.99 
03/21/18,Danger Zone,Gingerdead Man Meets Evil Bong #1,$3.99 
03/21/18,Dark Circle Comics,Mighty Crusaders #4 (Cover A Kelsey Shannon),$3.99 
03/21/18,Dark Circle Comics,Mighty Crusaders #4 (Cover B Rich Buckler Red Circle Variant),$3.99 
03/21/18,Dark Circle Comics,Mighty Crusaders #4 (Cover C Phil Jimenez Throwback Variant),$3.99 
03/21/18,Dark Horse Comics,Abe Sapien Dark And Terrible Volume 2 Hc,$34.99
03/21/18,Dark Horse Comics,Aliens Dead Orbit Tp,$17.99
03/21/18,Dark Horse Comics,Art Of Sea Of Thieves Hc,$39.99
03/21/18,Dark Horse Comics,Cell Block Earth And Other Stories Tp,$17.99
03/21/18,Dark Horse Comics,Dept. H #24,$3.99
03/21/18,Dark Horse Comics,Harrow County #29,$3.99
03/21/18,Dark Horse Comics,Harrow County Volume 7 Dark Times A'Coming Tp,$17.99
03/21/18,Dark Horse Comics,Hatsune Miku Rin-Chan Now Volume 4 Tp,$10.99
03/21/18,Dark Horse Comics,Mata Hari #2 (Of 5),$3.99
03/21/18,Dark Horse Comics,Tomb Raider Archives Volume 4 Hc,$39.99
03/21/18,Dark Horse Comics,Usagi Yojimbo #166 (The Hidden Part 1 Of 7),$3.99
03/21/18,Dark Horse Comics,Vinegar Teeth #3 (Of 4),$3.99
03/21/18,Dc Comics,Aquaman #34 (Cover A Andy Kubert),$3.99
03/21/18,Dc Comics,Aquaman #34 (Cover B Joshua Middleton),Ar
03/21/18,Dc Comics,Aquaman The Legend Of Aquaman Tp,$19.99
03/21/18,Dc Comics,Batman #43 (Cover A Mikel Janin),$2.99
03/21/18,Dc Comics,Batman #43 (Cover B Olivier Coipel),Ar
03/21/18,Dc Comics,Batman New Gotham Volume 2 Tp,$24.99
03/21/18,Dc Comics,Batman Sins Of The Father #2 (Of 6),$2.99
03/21/18,Dc Comics,Batman Tales Of The Man-Bat Tp,$19.99
03/21/18,Dc Comics,Batman Teenage Mutant Ninja Turtles Ii #5 (Of 6) (Cover A Freddie E. Williams Ii),$3.99
03/21/18,Dc Comics,Batman Teenage Mutant Ninja Turtles Ii #5 (Of 6) (Cover B Kevin Eastman),Ar
03/21/18,Dc Comics,Batwoman #13 (Cover A Dan Panosian),$3.99
03/21/18,Dc Comics,Batwoman #13 (Cover B Lee Bermejo),Ar
03/21/18,Dc Comics,Bombshells United #14,$2.99
03/21/18,Dc Comics,Brave And The Bold Batman And Wonder Woman #2 (Of 6),$3.99
03/21/18,Dc Comics,Cave Carson Has An Interstellar Eye #1 (Cover A Michael Avon Oeming),$3.99
03/21/18,Dc Comics,Cave Carson Has An Interstellar Eye #1 (Cover B Christian Ward),Ar
03/21/18,Dc Comics,Damage #3,$2.99
03/21/18,Dc Comics,Deadman #5 (Of 6),$3.99
03/21/18,Dc Comics,Deathbed #2 (Of 6),$3.99
03/21/18,Dc Comics,Flash Volume 5 Negative Tp,$14.99
03/21/18,Dc Comics,Future Quest Presents #8 (Cover A Guillem March),$3.99
03/21/18,Dc Comics,Future Quest Presents #8 (Cover B Stephane Roux),Ar
03/21/18,Dc Comics,Green Lanterns #43 (Cover A Will Conrad),$2.99
03/21/18,Dc Comics,Green Lanterns #43 (Cover B Brandon Peterson),Ar
03/21/18,Dc Comics,Harley Quinn #40 (Cover A Amanda Conner),$2.99
03/21/18,Dc Comics,Harley Quinn #40 (Cover B Frank Cho),Ar
03/21/18,Dc Comics,Injustice 2 #22,$2.99
03/21/18,Dc Comics,Justice League #41 (Cover A David Yardin),$2.99
03/21/18,Dc Comics,Justice League #41 (Cover B J. G. Jones),Ar
03/21/18,Dc Comics,Justice League Task Force Volume 1 Purification Plague Tp,$29.99
03/21/18,Dc Comics,Nightwing #41 (Cover A Bernard Chang),$2.99
03/21/18,Dc Comics,Nightwing #41 (Cover B Yasmine Putri),Ar
03/21/18,Dc Comics,Planetary Volume 2 Tp,$24.99
03/21/18,Dc Comics,Super Sons #14 (Cover A Jorge Jimenez),$3.99
03/21/18,Dc Comics,Super Sons #14 (Cover B Dustin Nguyen),Ar
03/21/18,Dc Comics,Superman #43 (Cover A Patrick Gleason),$2.99
03/21/18,Dc Comics,Superman #43 (Cover B Jonboy Meyers),Ar
03/21/18,Dc Comics,Superman Action Comics The Oz Effect The Deluxe Edition Hc,$29.99
03/21/18,Dc Comics,Swamp Thing Winter Special #1 (Jason Fabok 2nd Printing Variant Cover),$7.99
03/21/18,Dc Comics,Wonder Woman Forgotten Legends Tp,$16.99
03/21/18,Devils Due/1first Comics,Squarriors Volume 2 Summer #3 (Of 4),$3.99 
03/21/18,Drawn And Quarterly,Berlin #22,$5.95 
03/21/18,Drawn And Quarterly,From Lone Mountain Gn,$22.95
03/21/18,Drawn And Quarterly,Moomin Winter Gn,$9.95
03/21/18,Drawn And Quarterly,Von Spatz Gn,$16.95
03/21/18,Dynamite Entertainment,Barbarella #1 (Cover P Atlas Comics Signature Series Edition),$75.00
03/21/18,Dynamite Entertainment,Gwar Orgasmageddon Tp,$17.99
03/21/18,Dynamite Entertainment,James Bond The Body #3 (Of 6) (Cover A Luca Casalanguida),$3.99
03/21/18,Dynamite Entertainment,James Bond The Body #3 (Of 6) (Cover B Luca Casalanguida Black & White Variant),Ar
03/21/18,Dynamite Entertainment,Pathfinder Spiral Of Bones #1 (Of 5) (Cover A Diego Galindo),$4.99
03/21/18,Dynamite Entertainment,Pathfinder Spiral Of Bones #1 (Of 5) (Cover B Jonathan Lau),$4.99
03/21/18,Dynamite Entertainment,Pathfinder Spiral Of Bones #1 (Of 5) (Cover C Marco Santucci),$4.99
03/21/18,Dynamite Entertainment,Pathfinder Spiral Of Bones #1 (Of 5) (Cover D Jen Vaughn),$4.99
03/21/18,Dynamite Entertainment,Pathfinder Spiral Of Bones #1 (Of 5) (Cover E Diego Galindo Black & White Variant),Ar
03/21/18,Dynamite Entertainment,Pathfinder Spiral Of Bones #1 (Of 5) (Cover E Jonathan Lau Black & White Variant),Ar
03/21/18,Dynamite Entertainment,Pathfinder Spiral Of Bones #1 (Of 5) (Cover E Marco Santucci Black & White Variant),Ar
03/21/18,Dynamite Entertainment,Pathfinder Volume 2 Of Tooth And Claw Tp,$19.99
03/21/18,Dynamite Entertainment,Vampirella #11 (Of 11) (Cover A Philip Tan),$3.99
03/21/18,Dynamite Entertainment,Vampirella #11 (Of 11) (Cover B Stephen Segovia),$3.99
03/21/18,Dynamite Entertainment,Vampirella #11 (Of 11) (Cover C Cosplay),$3.99
03/21/18,Dynamite Entertainment,Vampirella #11 (Of 11) (Cover D Jimmy Broxton),$3.99
03/21/18,Dynamite Entertainment,Vampirella #11 (Of 11) (Cover E Cosplay Virgin Variant),Ar
03/21/18,Dynamite Entertainment,Vampirella #11 (Of 11) (Cover F Philip Tan Black & White Variant),Ar
03/21/18,Dynamite Entertainment,Vampirella #11 (Of 11) (Cover G Jimmy Broxton Black & White Variant),Ar
03/21/18,Dynamite Entertainment,Vampirella #11 (Of 11) (Cover H Philip Tan Virgin Variant),Ar
03/21/18,First Second,Science Comics Robots And Drones Gn,$12.99
03/21/18,First Second,Science Comics Robots And Drones Hc,$19.99
03/21/18,First Second,Secret Coders Volume 5 Potions And Parameters Gn,$10.99
03/21/18,First Second,Secret Coders Volume 5 Potions And Parameters Hc,$18.99
03/21/18,Horrorhound,Horrorhound #70,$6.99
03/21/18,Idw Publishing,30 Days Of Night #4 (Of 6) (Cover A Ben Templesmith),$3.99
03/21/18,Idw Publishing,30 Days Of Night #4 (Of 6) (Cover B Piotr Kowalski & Aurore Folny),$3.99
03/21/18,Idw Publishing,30 Days Of Night #4 (Of 6) (Cover C Ben Templesmith),Ar
03/21/18,Idw Publishing,Angry Birds Comics Furious Fowl Hc,$12.99
03/21/18,Idw Publishing,Comic Book History Of Comics Comics For All #4 (Cover A Ryan Dunlavey),$3.99
03/21/18,Idw Publishing,Comic Book History Of Comics Comics For All #4 (Cover B Ryan Dunlavey & Adam Guzowski),$3.99
03/21/18,Idw Publishing,Corto Maltese The Golden House Of Samarkand Gn,$34.99
03/21/18,Idw Publishing,Dungeons And Dragons Shadow Of The Vampire #1 (Idw'S Greatest Hits Edition),$1.00
03/21/18,Idw Publishing,Gears Of War The Rise Of Raam #3 (Cover A Ryan Brown),$3.99
03/21/18,Idw Publishing,Gears Of War The Rise Of Raam #3 (Cover B Whilce Portacio),$3.99
03/21/18,Idw Publishing,Gears Of War The Rise Of Raam #3 (Cover C Whilce Portacio),Ar
03/21/18,Idw Publishing,Ghostbusters Answer The Call #4 (Cover A Corin Howell),$3.99
03/21/18,Idw Publishing,Ghostbusters Answer The Call #4 (Cover B Philip Branesky Funko Variant),$3.99
03/21/18,Idw Publishing,Ghostbusters Answer The Call #4 (Cover C Photo),Ar
03/21/18,Idw Publishing,My Little Pony Friendship Is Magic #64 (Cover A Andy Price),$3.99
03/21/18,Idw Publishing,My Little Pony Friendship Is Magic #64 (Cover B Sara Richard),$3.99
03/21/18,Idw Publishing,My Little Pony Friendship Is Magic #64 (Cover C Tony Kusisto),Ar
03/21/18,Idw Publishing,Punks Not Dead #2 (Cover A Martin Simmonds),$3.99
03/21/18,Idw Publishing,Punks Not Dead #2 (Cover B Caspar Wijngaard),$3.99
03/21/18,Idw Publishing,Punks Not Dead #2 (Cover C Martin Simmonds),Ar
03/21/18,Idw Publishing,Samurai Jack Quantum Jack #5 (Of 5) (Cover A Michael Avon Oeming),$3.99
03/21/18,Idw Publishing,Samurai Jack Quantum Jack #5 (Of 5) (Cover B Warwick Johnson-Cadwell),$3.99
03/21/18,Idw Publishing,Samurai Jack Quantum Jack #5 (Of 5) (Cover C Craig Kellman & Scott Wills),Ar
03/21/18,Idw Publishing,Spider King #2 (Of 4) (Cover A Simone D'Armini),$3.99
03/21/18,Idw Publishing,Spider King #2 (Of 4) (Cover B Jakub Rebelka),$3.99
03/21/18,Idw Publishing,Star Trek New Adventures Volume 5 Tp,$29.99
03/21/18,Idw Publishing,Teenage Mutant Ninja Turtles Universe #20 (Cover A Freddie E. Williams Ii),$4.99
03/21/18,Idw Publishing,Teenage Mutant Ninja Turtles Universe #20 (Cover B Dave Wachter),$4.99
03/21/18,Idw Publishing,Teenage Mutant Ninja Turtles Universe #20 (Cover C Tim Lattie),Ar
03/21/18,Idw Publishing,Transformers The Idw Collection Phase Two Volume 7 Hc,$49.99
03/21/18,Idw Publishing,We Spoke Out Comic Books And The Holocaust Hc,$49.99
03/21/18,Image Comics,Black Science Vollume 7 Extinction Is The Rule Tp,$16.99
03/21/18,Image Comics,Cyber Force Rebirth Artifacts Volume 3 Tp,$16.99
03/21/18,Image Comics,Dark Fang #5,$3.99
03/21/18,Image Comics,Death Of Love #2 (Of 5),$3.99
03/21/18,Image Comics,Descender #28 (Cover A Dustin Nguyen),$3.99
03/21/18,Image Comics,Descender #28 (Cover B Dustin Nguyen Little Robot Variant),$3.99
03/21/18,Image Comics,Dissonance #2,$3.99
03/21/18,Image Comics,Evolution #5,$3.99
03/21/18,Image Comics,Further Adventures Of Nick Wilson #3 (Of 5) (Cover A Pete Woods),$3.99
03/21/18,Image Comics,Further Adventures Of Nick Wilson #3 (Of 5) (Cover B Ian Churchill),$3.99
03/21/18,Image Comics,Hit-Girl #1 (Amy Reeder 2nd Printing Variant Cover),$3.99
03/21/18,Image Comics,Ice Cream Man #2 (Martin Morazzo 2nd Printing Variant Cover),$3.99
03/21/18,Image Comics,Ice Cream Man #3 (Cover A Martin Morazzo & Chris O'Halloran),$3.99
03/21/18,Image Comics,Ice Cream Man #3 (Cover B Mike Shea),$3.99
03/21/18,Image Comics,Kick-Ass #2 (Cover A John Romita Jr.),$3.99
03/21/18,Image Comics,Kick-Ass #2 (Cover B John Romita Jr. Black & White Variant),$3.99
03/21/18,Image Comics,Kick-Ass #2 (Cover C Francesco Francavilla),$3.99
03/21/18,Image Comics,Kill Or Be Killed #17 (Cover A Sean Phillips),$3.99
03/21/18,Image Comics,Kill Or Be Killed #17 (Cover B Sean Phillips Virgin Wraparound Variant),$3.99
03/21/18,Image Comics,Monstress #15 (Cover A Sana Takeda),$3.99
03/21/18,Image Comics,Monstress #15 (Cover B Sana Takeda Virgin Wraparound Variant),$3.99
03/21/18,Image Comics,Moonshine #8 (Cover A Eduardo Risso),$3.99
03/21/18,Image Comics,Moonshine #8 (Cover B Rafael Albuquerque),$3.99
03/21/18,Image Comics,Moonshine #8 (Cover C Eduardo Risso Virgin Wraparound Variant),$3.99
03/21/18,Image Comics,Moonstruck Volume 1 Tp,$9.99
03/21/18,Image Comics,Outcast By Kirkman And Azaceta #34,$3.99
03/21/18,Image Comics,Regression #8,$3.99
03/21/18,Image Comics,Rumble #4 (Cover A David Rubin),$3.99
03/21/18,Image Comics,Rumble #4 (Cover B Marcial Toledano Vargas & Dave Stewart),$3.99
03/21/18,Image Comics,Rumble #4 (Cover C David Rubin Virgin Wraparound Variant),$3.99
03/21/18,Image Comics,Southern Cross #14,$3.99
03/21/18,Image Comics,Stray Bullets Sunshine And Roses #33,$3.99
03/21/18,Image Comics,Walking Dead #170 (Ken Haeser Zombie Head Variant Cover) (Dynamic Forces),Ar
03/21/18,Image Comics,Witchblade #4 (Cover A Roberta Ingranata),$3.99
03/21/18,Image Comics,Witchblade #4 (Cover B Roberta Ingranata Virgin Wraparound Variant),$3.99
03/21/18,Image Comics,Youngblood #10 (Cover A Jim Towe),$3.99
03/21/18,Image Comics,Youngblood #10 (Cover B Rob Liefeld),$3.99
03/21/18,Kodansha Comics,Kiss Me At The Stroke Of Midnight Volume 4 Gn,$12.99 
03/21/18,Kodansha Comics,Wake Up Sleeping Beauty Volume 3 Gn,$12.99 
03/21/18,Legendary Comics,Pacific Rim Aftermath #3 (Of 6),$3.99 
03/21/18,Lion Forge,Catalyst Prime Summit #4,$3.99 
03/21/18,Lion Forge,Catalyst Prime Superb #8,$3.99 
03/21/18,Lion Forge,Infinity 8 #1,$3.99 
03/21/18,Marvel Comics,Amazing Spider-Man #796 Mike Hawthorne 2nd Printing Variant Cover),$3.99
03/21/18,Marvel Comics,Amazing Spider-Man Renew Your Vows #17,$3.99
03/21/18,Marvel Comics,Astonishing X-Men #1 (Mark Brooks Variant Cover) (Charles Soule Signed Edition) (Dynamic Forces),Ar
03/21/18,Marvel Comics,Avengers #681 (Mark Brooks 2nd Printing Variant Cover),$3.99
03/21/18,Marvel Comics,Avengers #685 (Cover A Mark Brooks),$3.99
03/21/18,Marvel Comics,Avengers #685 (Cover B Terry Dodson New Mutants Variant),Ar
03/21/18,Marvel Comics,Avengers Omnibus Volume 3 Hc (Alan Davis Book Market Cover),$100.00
03/21/18,Marvel Comics,Avengers Omnibus Volume 3 Hc (John Buscema Direct Market Cover),$100.00
03/21/18,Marvel Comics,Cable #155 (Cover A Daniel Warren Johnson),$3.99
03/21/18,Marvel Comics,Cable #155 (Cover B Ryan Stegman),Ar
03/21/18,Marvel Comics,Cable #155 (Cover C Tyler Kirkham New Mutants Variant),Ar
03/21/18,Marvel Comics,Captain America #698 (Chris Samnee 2nd Printing Variant Cover),$3.99
03/21/18,Marvel Comics,Doctor Strange Damnation #3 (Of 4) (Cover A Rod Reis),$3.99
03/21/18,Marvel Comics,Doctor Strange Damnation #3 (Of 4) (Cover B Ron Lim),Ar
03/21/18,Marvel Comics,Doctor Strange Damnation #3 (Of 4) (Cover C Leinil Francis Yu New Mutants Variant),Ar
03/21/18,Marvel Comics,Doctor Strange Damnation #3 (Of 4) (Cover D Greg Smallwood Connecting Variant C),Ar
03/21/18,Marvel Comics,Doctor Strange Damnation #3 (Of 4) (Cover E Rod Reis Tarnation Variant),Ar
03/21/18,Marvel Comics,Generation X Volume 3 Survival Of The Fittest Tp,$19.99
03/21/18,Marvel Comics,Incredible Hulk #714 (Cover A Mike Deodato Jr.),$3.99
03/21/18,Marvel Comics,Incredible Hulk #714 (Cover B Geoff Shaw),Ar
03/21/18,Marvel Comics,Iron Fist #78,$3.99
03/21/18,Marvel Comics,Iron Fist Volume 2 Sabretooth Round Two Tp,$17.99
03/21/18,Marvel Comics,Iron Man Hong Kong Heroes #1 (Cover A Justice Wong),$3.99
03/21/18,Marvel Comics,Iron Man Hong Kong Heroes #1 (Cover B Gang Hyuk Lim),Ar
03/21/18,Marvel Comics,Iron Man Hong Kong Heroes #1 (Cover C Bill Crosby),Ar
03/21/18,Marvel Comics,Marvel Masterworks Ka-Zar Volume 2 Hc (Book Market Edition),$75.00
03/21/18,Marvel Comics,Marvel Masterworks Ka-Zar Volume 2 Hc (Direct Market Variant Edition Volume 257),$75.00
03/21/18,Marvel Comics,Marvel Masterworks Marvel Two-In-One Volume 3 Hc (Book Market Edition),$75.00
03/21/18,Marvel Comics,Marvel Masterworks Marvel Two-In-One Volume 3 Hc (Direct Market Variant Edition Volume 256),$75.00
03/21/18,Marvel Comics,Marvel'S Avengers Infinity War Prelude Tp,$15.99
03/21/18,Marvel Comics,Mighty Thor #705 (Cover A Russell Dauterman),$3.99
03/21/18,Marvel Comics,Mighty Thor #705 (Cover B Jee Hyung),Ar
03/21/18,Marvel Comics,Mighty Thor #705 (Cover C Esad Ribic Mighty Thor Variant),Ar
03/21/18,Marvel Comics,Mighty Thor #705 (Cover D Stanley Artgerm Lau),Ar
03/21/18,Marvel Comics,Mighty Thor #705 (Cover F Stanley Artgerm Lau Virgin Variant),Ar
03/21/18,Marvel Comics,Monsters Unleashed #12,$3.99
03/21/18,Marvel Comics,Ms. Marvel #28,$3.99
03/21/18,Marvel Comics,Old Man Hawkeye #2 (Of 12) (Marco Checchetto 2nd Printing Variant Cover),$3.99
03/21/18,Marvel Comics,Runaways #7,$3.99
03/21/18,Marvel Comics,Spider-Gwen #30,$3.99
03/21/18,Marvel Comics,Spider-Men Ii Tp,$17.99
03/21/18,Marvel Comics,Star Wars #1 (Ken Haeser Variant Cover) (Stan Lee Signed Edition) (Dynamic Forces),Ar
03/21/18,Marvel Comics,Star Wars #45 (Cover A David Marquez),$3.99
03/21/18,Marvel Comics,Star Wars #45 (Cover B John Tyler Christopher Action Figure Variant),Ar
03/21/18,Marvel Comics,Star Wars Legends Epic Collection The Clone Wars Volume Tp,$39.99
03/21/18,Marvel Comics,Star Wars Poe Dameron #25,$3.99
03/21/18,Marvel Comics,Tales Of Suspense #103 (Of 5),$3.99
03/21/18,Marvel Comics,Thanos #17 (Cover A Geoff Shaw),$3.99
03/21/18,Marvel Comics,Thanos #17 (Cover B Christian Ward),Ar
03/21/18,Marvel Comics,True Believers Venom Dark Origin #1,$1.00
03/21/18,Marvel Comics,True Believers Venom Flashpoint #1,$1.00
03/21/18,Marvel Comics,Weapon H #1 (Cover A Leinil Francis Yu),$4.99
03/21/18,Marvel Comics,Weapon H #1 (Cover B Skan),Ar
03/21/18,Marvel Comics,Weapon H #1 (Cover C Georges Duarte),Ar
03/21/18,Marvel Comics,Weapon H #1 (Cover D John Tyler Christopher Trading Card Variant),Ar
03/21/18,Marvel Comics,Weapon H #1 (Cover E Dale Keown Hulk Homage Variant),Ar
03/21/18,Marvel Comics,Weapon H #1 (Cover F Adam Kubert Wolverine Homage Variant),Ar
03/21/18,Marvel Comics,Weapon H #1 (Cover G Leinil Francis Yu Virgin Variant),Ar
03/21/18,Marvel Comics,X-Men Blue Volume 0 Reunion Tp,$34.99
03/21/18,Marvel Comics,X-Men Blue Volume 3 Cross Time Capers Tp,$15.99
03/21/18,Marvel Comics,X-Men Gold #24,$3.99
03/21/18,Moonstone,Golden Amazon Prose Novel Hc,$21.95
03/21/18,Moonstone,Golden Amazon Prose Novel Sc,$11.95
03/21/18,Mymoviemonsters.Com,Scary Monsters Presents Monster Memories #26 (2018 Yearbook),$10.95 
03/21/18,Netcomics,Chiro Volume 9 The Star Project Gn,$11.99
03/21/18,Netcomics,Dreams Of The Days Gn,$16.99
03/21/18,Netcomics,Give To The Heart Memories Volume 3 Gn,$11.99
03/21/18,Netcomics,Sweet Blood Volume 9 Gn,$11.99
03/21/18,Oni Press,Guerillas Volume 4 Tp,$19.99 
03/21/18,Oni Press,Rick And Morty Pocket Like You Stole It Tp,$19.99 
03/21/18,Renegade Arts Entertainment,Hope #1 (One Shot),$11.99 
03/21/18,Sanctum Productions,Shadow Double Novel Volume 127 Sc,$14.95
03/21/18,Scout Comics,Solar Flare Season Two #5,$3.99 
03/21/18,Seven Seas Entertainment,Absolute Duo Volume 3 Gn,$12.99 
03/21/18,Seven Seas Entertainment,Centaur'S Life Volume 14 Gn,$13.99 
03/21/18,Seven Seas Entertainment,Devils And Realist Volume 14 Gn,$12.99
03/21/18,Seven Seas Entertainment,Don'T Meddle With My Daughter Volume 3 Gn,$12.99
03/21/18,Seven Seas Entertainment,Mononoke Sharing Volume 1 Gn,$12.99
03/21/18,Seven Seas Entertainment,New Game Volume 1 Gn,$13.99
03/21/18,Seven Seas Entertainment,Soul Liquid Chambers Volume 1 Gn,$12.99
03/21/18,Seven Seas Entertainment,There'S A Demon Lord On The Floor Volume 5 Gn,$12.99
03/21/18,Titan Publishing Group,Doctor Who Ghost Stories Tp,$16.99 
03/21/18,Titan Publishing Group,Doctor Who The Twelfth Doctor Time Trials Volume 1 The Terror Beneath Tp,$16.99 
03/21/18,Titan Publishing Group,Last Stand Hc,$22.99 
03/21/18,Titan Publishing Group,Lost Fleet Volume 1 Corsair Tp,$16.99 
03/21/18,Titan Publishing Group,Millennium The Girl Who Kicked The Hornet'S Nest Tp,$19.99 
03/21/18,Titan Publishing Group,Robotech #8 (Cover A Simon Roy),$3.99 
03/21/18,Titan Publishing Group,Robotech #8 (Cover B Blair Shedd Action Figure Variant),$3.99 
03/21/18,Titan Publishing Group,Robotech #8 (Cover C Claudia Sg Iannicello),$3.99 
03/21/18,Titan Publishing Group,Sherlock Holmes The Red Tower Mmpb,$14.95 
03/21/18,Titan Publishing Group,Tales From The Sea Of Thieves Hc,$29.95 
03/21/18,Titan Publishing Group,Way Of Tank Girl Hc,$14.99 
03/21/18,Valiant Entertainment,Ninja-K #5 (Cover A Trevor Hairsine),$3.99
03/21/18,Valiant Entertainment,Ninja-K #5 (Cover B Lucas Troya),$3.99
03/21/18,Valiant Entertainment,Ninja-K #5 (Cover C Tomas Giorello Interconnecting Variant),Ar
03/21/18,Valiant Entertainment,Ninja-K #5 (Cover D Philip Tan Ninjak Icon Variant),Ar
03/21/18,Valiant Entertainment,Ninja-K #5 (Cover E Tonci Zonjic Pre-Order Edition Variant),Ar
03/07/18,215 Ink,Supernaut Volume 1 Gn,$19.99
03/07/18,Abstract Studios,Strangers In Paradise Xxv #2,$3.99 
03/07/18,Ac Comics,Femforce #181,$9.95 
03/07/18,Action Lab Entertainment,Ghoul Scouts I Was A Tweenage Werewolf #1,$3.99 
03/07/18,Action Lab Entertainment,Hero Cats #21,$3.99 
03/07/18,Action Lab Entertainment,Miraculous Tales Of Ladybug And Cat Noir Volume 7 De-Evilize Tp,$9.99 
03/07/18,Aftershock Comics,Monstro Mechanica #4,$3.99 
03/07/18,Albatross Funnybooks,Galaktikon #5 (Of 6),$3.99
03/07/18,Alterna Comics,Scrimshaw #4,$1.50
03/07/18,Alterna Comics,Sonitus #1 (Of 3),$1.50
03/07/18,Alterna Comics,Wicked Righteous #4 (Of 6),$1.50
03/07/18,Alterna Comics,Xii #1 (Of 5),$1.50
03/07/18,Amaze Ink/Slave Labor Graphics,Rebel Angels Tp,$17.95
03/07/18,American Mythology Productions,Hatchet #3 (Cover A Rich Bonk Who Axed You Variant),$3.99 
03/07/18,American Mythology Productions,Hatchet #3 (Cover B Buz Hasson Swamp Terror Variant),$3.99 
03/07/18,American Mythology Productions,Hatchet #3 (Cover C Andrew Mangum Cut In Two Variant),$3.99 
03/07/18,Amigo Comics,Call Of The Suicide Forest #2 (Of 5),$3.99
03/07/18,Amigo Comics,Tales Of Rogues #2 (Of 6),$3.99
03/07/18,Amryl Entertainment,Cavewoman Face Off #1 (Cover A Devon Massey),$3.99 
03/07/18,Arcana Studio,Cat Named Haiku Hc (Totally Pawesome Edition),$14.95 
03/07/18,Archie Comic Publications,Archie And Me Comics Digest #5,$6.99 
03/07/18,Archie Comic Publications,Betty And Veronica Jumbo Comics Digest #261,$6.99 
03/07/18,Archie Comic Publications,Jughead The Hunger #4 (Cover A Adam Gorham),$3.99 
03/07/18,Archie Comic Publications,Jughead The Hunger #4 (Cover B T.Rex),$3.99 
03/07/18,Archie Comic Publications,Jughead The Hunger #4 (Cover C Michael Walsh),$3.99 
03/07/18,Archie Comic Publications,Your Pal Archie Volume 1 Tp,$17.99 
03/07/18,Aspen Comics,Mindfield Volume 1 Tp,$19.99 
03/07/18,Avatar Press,Uber Invasion #12 (Cover A Daniel Gete),$3.99 
03/07/18,Avatar Press,Uber Invasion #12 (Cover B Daniel Gete Wraparound Variant),$3.99 
03/07/18,Avatar Press,Uber Invasion #12 (Cover C Daniel Gete Propaganda Poster Variant),$3.99 
03/07/18,Avatar Press,Uber Invasion #12 (Cover D Daniel Gete Blitzkreig Variant),$3.99 
03/07/18,Avatar Press,Uber Invasion #12 (Cover E Gabriel Andrade Vip Premium Variant),$9.99 
03/07/18,Avatar Press,Uber Invasion #12 (Cover F Daniel Gete War Crimes Variant),$3.99 
03/07/18,Big Finish,Doctor Who Main Range Volume 233 Static Audio Cd,$24.99 
03/07/18,Big Finish,Doctor Who The Early Adventures Volume 4.4 The Wreck Of The The World Audio Cd,$24.99 
03/07/18,Big Finish,Doctor Who Unit Volume 5 Encounters Audio Cd,$49.99 
03/07/18,Bongo Comics,Bart Simpson Bust-Up Gn,$16.99 
03/07/18,Boom! Studios,Adventure Time #74 (Cover A Shelli Paroline & Braden Lamb),$3.99
03/07/18,Boom! Studios,Adventure Time #74 (Cover B Emei Burrell),$3.99
03/07/18,Boom! Studios,Dodge City #1 (Cover A Cara Mcgee),$3.99
03/07/18,Boom! Studios,Dodge City #1 (Cover B Natacha Bustos),$3.99
03/07/18,Boom! Studios,Giant Days #36 (Cover A Max Sarin),$3.99
03/07/18,Boom! Studios,March Of The Crabs Volume 3 Hc,$19.99
03/07/18,Boom! Studios,Mech Cadet Yu #7 (Cover A Takeshi Miyazawa),$3.99
03/07/18,Boom! Studios,Mech Cadet Yu #7 (Cover B Marcus To),$3.99
03/07/18,Boundless Comics,Belladonna Fire And Fury #4 (Christian Zanier Hard Body Cover),$5.99 
03/07/18,Boundless Comics,Belladonna Fire And Fury #4 (Matt Martin Shield Maiden Cover),$5.99 
03/07/18,Boundless Comics,Belladonna Fire And Fury #4 (Nahuel Lopez Regular Cover),$5.99 
03/07/18,Boundless Comics,Belladonna Fire And Fury #4 (Nahuel Lopez Viking Vixen Cover),$5.99 
03/07/18,Boundless Comics,Belladonna Fire And Fury #4 (Raulo Caceres Wraparound Cover),$5.99 
03/07/18,Boundless Comics,Belladonna Fire And Fury #4 (Renato Camilo Bondage Cover),$5.99 
03/07/18,Boundless Comics,Belladonna Fire And Fury #4 (Renato Camilo Killer Body Cover),$5.99 
03/07/18,Boundless Comics,Lookers Ember #6 (Christian Zanier Aquatic Bikini Cover),$5.99 
03/07/18,Boundless Comics,Lookers Ember #6 (Christian Zanier Aquatic Cover),$5.99 
03/07/18,Boundless Comics,Lookers Ember #6 (Christian Zanier Red Hot Cover),$5.99 
03/07/18,Boundless Comics,Lookers Ember #6 (Christian Zanier Regular Cover),$5.99 
03/07/18,Boundless Comics,Lookers Ember #6 (Christian Zanier Wraparound Cover),$5.99 
03/07/18,Boundless Comics,Lookers Ember #6 (Matt Martin Luscious Cover),$5.99 
03/07/18,Boundless Comics,Lookers Ember #6 (Raulo Caceres Sexy Spies Cover),$5.99 
03/07/18,Boundless Comics,Lookers Ember #6 (Renato Camilo Gga Homage Cover),$5.99 
03/07/18,Boundless Comics,Lookers Ember #6 (Renato Camilo Workout Cover),$5.99 
03/07/18,Caliber Entertainment,Assemblers Gn,$14.99 
03/07/18,Caliber Entertainment,Battron The Trojan Woman Gn,$14.99 
03/07/18,Caliber Entertainment,Tatters Gn,$8.99 
03/07/18,Caliber Entertainment,Vietnam Journal Volume 1 Indian Country Gn,$16.99 
03/07/18,Comic Shop News,Comic Shop News #1603,Ar
03/07/18,Comicmix,Mine A Celebration Of Liberty And Freedom For All Benefitting Planned Parenthood Hc,$49.95 
03/07/18,Cosmic Times,Yurushi Gn,$8.99
03/07/18,Danger Zone,Black Betty #2 (Cover A Michela Da Sacco),$4.99 
03/07/18,Danger Zone,Black Betty #2 (Cover B Michela Da Sacco Battle Damaged Variant),$4.99 
03/07/18,Danger Zone,Black Betty #2 (Cover C David Harrigan),$4.99 
03/07/18,Danger Zone,Black Betty #2 (Cover D David Harrigan Tattered & Torn Variant),$4.99 
03/07/18,Danger Zone,Black Betty #2 (Cover E Danielle Gransaull),$4.99 
03/07/18,Danger Zone,Black Betty #2 (Cover F Danielle Gransaull Tattered & Torn Variant),$4.99 
03/07/18,Danger Zone,Dollface #13 (Cover A Dan Mendoza),$4.99 
03/07/18,Danger Zone,Dollface #13 (Cover B Dan Mendoza Tattered & Torn Variant),$4.99 
03/07/18,Danger Zone,Dollface #13 (Cover C Danielle Gransaull Pin Up Variant),$4.99 
03/07/18,Danger Zone,Dollface #13 (Cover D Danielle Gransaull Pin Up Tattered & Torn Variant),$4.99 
03/07/18,Danger Zone,Dollface #13 (Cover E Dan Mendoza Real Girl Variant),$4.99 
03/07/18,Danger Zone,Dollface #13 (Cover F Dan Mendoza Real Girl Tattered & Torn Variant),$4.99 
03/07/18,Dark Horse Comics,Buffy The Vampire Slayer Omnibus Season 8 Volume 2 Tp,$24.99
03/07/18,Dark Horse Comics,Chimichanga The Sorrow Of The World'S Worst Face Hc,$3.99 
03/07/18,Dark Horse Comics,Incognegro Renaissance #2 (Of 5),$3.99
03/07/18,Dark Horse Comics,Koshchei The Deathless #3 (Of 6),$3.99
03/07/18,Dark Horse Comics,Lobster Johnson Volume 6 A Chain Forged In Life Tp,$19.99
03/07/18,Dark Horse Comics,Psycho Pass Inspector Shinya Kogami Volume 4 Tp,$11.99
03/07/18,Dark Horse Comics,Rasputin The Voice Of The Dragon #5 (Of 5)(Cover A Mike Huddleston),$3.99
03/07/18,Dark Horse Comics,Rasputin The Voice Of The Dragon #5 (Of 5)(Cover B Michael Kaluta),$3.99
03/07/18,Dc Comics,Absolute Wildc.A.T.S By Jim Lee Hc,$125.00
03/07/18,Dc Comics,All-Star Batman #1 (Ken Haeser Marry Me Sketch Set)(Dynamic Forces),Ar
03/07/18,Dc Comics,Bane Conquest #10 (Of 12),$3.99
03/07/18,Dc Comics,Batman #42 (Cover A Mikel Janin),$2.99
03/07/18,Dc Comics,Batman #42 (Cover B Olivier Coipel),Ar
03/07/18,Dc Comics,Batman And Harley Quinn Hc,$24.99
03/07/18,Dc Comics,Batman And Superman In World'S Finest The Silver Age Volume 2 Tp,$24.99
03/07/18,Dc Comics,Batman By Neal Adams Volume 1 Tp,$24.99
03/07/18,Dc Comics,Batman White Knight #6 (Of 8)(Cover A Sean Murphy),$3.99
03/07/18,Dc Comics,Batman White Knight #6 (Of 8)(Cover B Sean Murphy),Ar
03/07/18,Dc Comics,Black Lightning Cold Dead Hands #5 (Of 6),$3.99
03/07/18,Dc Comics,Bombshells United #13,$2.99
03/07/18,Dc Comics,Deathstroke #29 (Cover A Ryan Sook),$3.99
03/07/18,Dc Comics,Deathstroke #29 (Cover B Shane Davis & Michelle Delecki),Ar
03/07/18,Dc Comics,Exit Stage Left The Snagglepuss Chronicles #3 (Of 6)(Cover A Ben Caldwell),$3.99
03/07/18,Dc Comics,Exit Stage Left The Snagglepuss Chronicles #3 (Of 6)(Cover B Dan Panosian),Ar
03/07/18,Dc Comics,Green Arrow #38 (Cover A Juan Ferreyra),$3.99
03/07/18,Dc Comics,Green Arrow #38 (Cover B Mike Grell,Ar
03/07/18,Dc Comics,Green Lanterns #42 (Cover A Will Conrad),$2.99
03/07/18,Dc Comics,Green Lanterns #42 (Cover B Brandon Peterson),Ar
03/07/18,Dc Comics,Harley And Ivy Meet Betty And Veronica #6 (Of 6)(Cover A Tula Lotay),$3.99
03/07/18,Dc Comics,Harley And Ivy Meet Betty And Veronica #6 (Of 6)(Cover B Jae Lee),Ar
03/07/18,Dc Comics,Harley Quinn #39 (Cover A Amanda Conner),$2.99
03/07/18,Dc Comics,Harley Quinn #39 (Cover B Frank Cho),Ar
03/07/18,Dc Comics,Hellblazer Volume 3 The Inspiration Game Tp,$16.99
03/07/18,Dc Comics,Injustice 2 #21,$2.99
03/07/18,Dc Comics,Jetsons #5 (Of 6)(Cover A Amanda Conner),$3.99
03/07/18,Dc Comics,Jetsons #5 (Of 6)(Cover B Sanford Greene),Ar
03/07/18,Dc Comics,Justice League #40 (Cover A David Yardin),$2.99
03/07/18,Dc Comics,Justice League #40 (Cover B J. G. Jones),Ar
03/07/18,Dc Comics,Justice League Of America Power And Glory Tp,$19.99
03/07/18,Dc Comics,Justice League Of America Volume 3 Panic In The Microverse Tp,$16.99
03/07/18,Dc Comics,Kamandi By Jack Kirby Omnibus Hc,$125.00
03/07/18,Dc Comics,Mister Miracle #5 (Of 12)(Nick Derington 2nd Printing Variant Cover),$3.99
03/07/18,Dc Comics,Nightwing #40 (Cover A Bernard Chang),$2.99
03/07/18,Dc Comics,Nightwing #40 (Cover B Yasmine Putri),Ar
03/07/18,Dc Comics,Shade The Changing Woman #1 (Cover A Becky Cloonan),$3.99
03/07/18,Dc Comics,Shade The Changing Woman #1 (Cover B Marley Zarcone),Ar
03/07/18,Dc Comics,Super Sons Volume 2 Planet Of The Capes Tp,$14.99
03/07/18,Dc Comics,Superman #42 (Cover A Patrick Gleason),$2.99
03/07/18,Dc Comics,Superman #42 (Cover B Jonboy Meyers),Ar
03/07/18,Dc Comics,Tales Of The Batman Gene Colan Volume 2 Hc,$39.99
03/07/18,Dc Comics,Wild Storm #12 (Cover A Jon Davis-Hunt),$3.99
03/07/18,Dc Comics,Wild Storm #12 (Cover B Jim Lee),Ar
03/07/18,Dc Comics,Wild Storm #12 (Cover C Bryan Hitch),Ar
03/07/18,Del Rey,Star Wars The Last Jedi Hc,$28.99 
03/07/18,Dynamic Forces,March Madness Starter Set,Ar
03/07/18,Dynamite Entertainment,Bionic Man Omnibus Volume 1 Tp,$39.99
03/07/18,Dynamite Entertainment,Dejah Thoris #2 (Cover A Mike Mckone),$3.99
03/07/18,Dynamite Entertainment,Dejah Thoris #2 (Cover B Stephane Roux),$3.99
03/07/18,Dynamite Entertainment,Dejah Thoris #2 (Cover C Sergio Davila),$3.99
03/07/18,Dynamite Entertainment,Dejah Thoris #2 (Cover D Mike Mckone Black & White Variant),Ar
03/07/18,Dynamite Entertainment,Dejah Thoris #2 (Cover E Sergio Davila Black & White Variant),Ar
03/07/18,Dynamite Entertainment,Dejah Thoris #2 (Cover F Pasquale Qualano Artboard Variant),Ar
03/07/18,Dynamite Entertainment,Green Hornet #1 (Cover A Mike Choi),$3.99
03/07/18,Dynamite Entertainment,Green Hornet #1 (Cover B Carli Ihde),$3.99
03/07/18,Dynamite Entertainment,Green Hornet #1 (Cover C Mike Mckone),$3.99
03/07/18,Dynamite Entertainment,Green Hornet #1 (Cover D C.P. Wilson Iii),$3.99
03/07/18,Dynamite Entertainment,Green Hornet #1 (Cover E Micheal Choi Virgin Variant),Ar
03/07/18,Dynamite Entertainment,Green Hornet #1 (Cover F Carli Ihde Black & White Variant),Ar
03/07/18,Dynamite Entertainment,Green Hornet #1 (Cover G Mike Mckone Black & White Variant),Ar
03/07/18,Dynamite Entertainment,Librarians #4 (Of 4)(Cover A Karl Moline),$3.99
03/07/18,Dynamite Entertainment,Librarians #4 (Of 4)(Cover B Ezekiel Jones Photo),$3.99
03/07/18,Dynamite Entertainment,Pierce Brown'S Red Rising Son Of Ares Hc,$24.99
03/07/18,Dynamite Entertainment,Red Sonja #11 (Craig Cermak Groupees Exclusive Variant),$19.99
03/07/18,Dynamite Entertainment,Red Sonja Worlds Away Volume 2 Tp,$19.99
03/07/18,Dynamite Entertainment,Shadow Batman #6 (Of 6)(Cover A Brandon Peterson),$3.99
03/07/18,Dynamite Entertainment,Shadow Batman #6 (Of 6)(Cover B Stephen Segovia),$3.99
03/07/18,Dynamite Entertainment,Shadow Batman #6 (Of 6)(Cover C Raffaele Ienco),$3.99
03/07/18,Dynamite Entertainment,Shadow Batman #6 (Of 6)(Cover D Jorge Fornes),$3.99
03/07/18,Dynamite Entertainment,Shadow Batman #6 (Of 6)(Cover E Giovanni Timpano),$3.99
03/07/18,Dynamite Entertainment,Shadow Batman #6 (Of 6)(Cover F Raffaele Ienco Black & White Variant),Ar
03/07/18,Dynamite Entertainment,Shadow Batman #6 (Of 6)(Cover G Brandon Peterson Black & White Variant),Ar
03/07/18,Dynamite Entertainment,Shadow Batman #6 (Of 6)(Cover H Jorge Fornes Black & White Variant),Ar
03/07/18,Dynamite Entertainment,Shadow Batman #6 (Of 6)(Cover I Brandon Peterson Virgin Variant),Ar
03/07/18,Dynamite Entertainment,Shadow Batman #6 (Of 6)(Cover J Stephen Segovia Black & White Variant),Ar
03/07/18,Dynamite Entertainment,Swords Of The Swashbucklers Hc,$49.99
03/07/18,Fantagraphics Books,Blazing Combat Hc,$29.99 
03/07/18,Fantagraphics Books,Mudbite Hc,$19.99 
03/07/18,Fantagraphics Books,Safe Area Gorazde The War In Eastern Bosnia 1992-95 Sc,$24.99 
03/07/18,Fantagraphics Books,We Ate Wonderbread Novel Sc,$22.99 
03/07/18,Fantagraphics Books,Why Art Gn,$14.99 
03/07/18,First Second,Chronicles Of Claudette Volume 3 Monsters Beware Gn,$14.99
03/07/18,Hachette Partworks,Doctor Who The Complete History Volume 64 The Second Doctor Stories 48-50 Hc,$18.99 
03/07/18,Harper Teen,Class What She Does Next Will Astound You Hc,$17.99 
03/07/18,Heavy Metal Magazine,Heavy Metal #289 (Cover A Jonathan La Mantia),$8.95
03/07/18,Heavy Metal Magazine,Heavy Metal #289 (Cover B Sauer),$8.95
03/07/18,Heavy Metal Magazine,Heavy Metal #289 (Cover C Ryan Browne),$8.95
03/07/18,High Speed Productions,Juxtapoz Spring 2018,$9.99 
03/07/18,Humanoids Publishing,Exo Hc,$24.95 
03/07/18,Idw Publishing,Assassinistas #3 (Cover A Gilbert Hernandez),$3.99
03/07/18,Idw Publishing,Assassinistas #3 (Cover B Aud Koch),$3.99
03/07/18,Idw Publishing,Assassinistas #3 (Cover C Aud Koch),Ar
03/07/18,Idw Publishing,Atomic Robo And The Spectre Of Tomorrow #5 (Of 5)(Cover A Scott Wegener),$3.99
03/07/18,Idw Publishing,Atomic Robo And The Spectre Of Tomorrow #5 (Of 5)(Cover B Nick Roche),$3.99
03/07/18,Idw Publishing,Donald And Mickey The Big Fat Flat Blot Plot Tp,$12.99
03/07/18,Idw Publishing,Frankenstein Alive Alive #4 (Cover A Bernie Wrightson & Kelley Jones),$4.99
03/07/18,Idw Publishing,Ghostbusters Annual 2018 (Cover A Dan Schoening),$7.99
03/07/18,Idw Publishing,Ghostbusters Annual 2018 (Cover B Tim Lattie),$7.99
03/07/18,Idw Publishing,Highest House #1 (Of 6)(Cover A Yuko Shimizu),$4.99
03/07/18,Idw Publishing,Highest House #1 (Of 6)(Cover B Peter Gross),Ar
03/07/18,Idw Publishing,Highest House #1 (Of 6)(Cover C Yuko Shimizu),Ar
03/07/18,Idw Publishing,Jem And The Holograms Dimensions #4 (Cover A Hannah Templer),$3.99
03/07/18,Idw Publishing,Jem And The Holograms Dimensions #4 (Cover B Abby Boeh),$3.99
03/07/18,Idw Publishing,Jem And The Holograms Dimensions #4 (Cover C Eliza Frye),Ar
03/07/18,Idw Publishing,Judge Dredd The Blessed Earth Volume 2 Tp,$15.99
03/07/18,Idw Publishing,Library Of American Comics Essentials Volume 11 Tippie 1945 Hc,$29.99
03/07/18,Idw Publishing,Mechaboys Tp,$19.99
03/07/18,Idw Publishing,October Faction Supernatural Dreams #1 (Cover A Damien Worm),$3.99
03/07/18,Idw Publishing,October Faction Supernatural Dreams #1 (Cover B Damien Worm),$3.99
03/07/18,Idw Publishing,Scarlett'S Strike Force #3 (Of 8)(Cover A Harvey Tolibao),$3.99
03/07/18,Idw Publishing,Scarlett'S Strike Force #3 (Of 8)(Cover B Nelson Daniel),$3.99
03/07/18,Idw Publishing,Scarlett'S Strike Force #3 (Of 8)(Cover C Fico Ossio),Ar
03/07/18,Idw Publishing,Skylanders Quarterly Spyro And Friends #3 (Biting Back)(Cover A David Baldeon),$4.99
03/07/18,Idw Publishing,Skylanders Quarterly Spyro And Friends #3 (Biting Back)(Cover B Jack Lawrence),$4.99
03/07/18,Idw Publishing,Spider King #1 (Of 4)(Cover A Simone D'Armini),$3.99
03/07/18,Idw Publishing,Spider King #1 (Of 4)(Cover B Afu Chan),$3.99
03/07/18,Idw Publishing,Spider King #1 (Of 4)(Cover C Skottie Young),Ar
03/07/18,Idw Publishing,Star Trek Boldly Go #17 (Cover A Marcus To),$3.99
03/07/18,Idw Publishing,Star Trek Boldly Go #17 (Cover B Fico Ossio),$3.99
03/07/18,Idw Publishing,Star Trek Boldly Go #17 (Cover C Photo),Ar
03/07/18,Idw Publishing,Star Trek Boldly Go #17 (Cover D Yoshi Yoshitani),Ar
03/07/18,Idw Publishing,Star Wars Adventures #7 (Cover A Sean Galloway),$3.99
03/07/18,Idw Publishing,Star Wars Adventures #7 (Cover B Jamal Peppers),$3.99
03/07/18,Idw Publishing,Star Wars Adventures #7 (Cover C Derek Laufman),Ar
03/07/18,Idw Publishing,Stretch Armstrong And The Flex Fighters #2 (Of 3)(Cover A Aluir Amancio),$3.99
03/07/18,Idw Publishing,Stretch Armstrong And The Flex Fighters #2 (Of 3)(Cover B Nikos Koutsis),$3.99
03/07/18,Idw Publishing,Stretch Armstrong And The Flex Fighters #2 (Of 3)(Cover C Philip Murphy),Ar
03/07/18,Idw Publishing,Uncle Scrooge The Bodacious Butterfly Trail Tp,$12.99
03/07/18,Idw Publishing,X-Files Origins Volume 2 Dog Days Of Summer Tp,$15.99
03/07/18,Image Comics,East Of West #36 (Cover A Nick Dragotta),$3.99
03/07/18,Image Comics,East Of West #36 (Cover B Nick Dragotta Virgin Wraparound Variant),$3.99
03/07/18,Image Comics,Elsewhere #5,$3.99
03/07/18,Image Comics,Extremity #12 (Cover A Daniel Warren Johnson),$3.99
03/07/18,Image Comics,Extremity #12 (Cover B Daniel Warren Johnson Virgin Wraparound Variant),$3.99
03/07/18,Image Comics,Firebug Tp,$16.99
03/07/18,Image Comics,Fix #11,$3.99
03/07/18,Image Comics,Gideon Falls #1 (Cover A Andrea Sorrentino),$3.99
03/07/18,Image Comics,Gideon Falls #1 (Cover B Jeff Lemire),$3.99
03/07/18,Image Comics,Gideon Falls #1 (Cover C Jock),$3.99
03/07/18,Image Comics,Gideon Falls #1 (Cover D Andrea Sorrentino Virgin Variant),$3.99
03/07/18,Image Comics,Gravediggers Union #5,$3.99
03/07/18,Image Comics,I Hate Fairyland #17 (Cover A Skottie Young),$3.99
03/07/18,Image Comics,I Hate Fairyland #17 (Cover B Skottie Young),$3.99
03/07/18,Image Comics,I Hate Fairyland #17 (Cover C Skottie Young Virgin Wraparound Variant),$3.99
03/07/18,Image Comics,Image Expo 2018 Preview Book,$1.00
03/07/18,Image Comics,Image+ Volume 2 #7 (Wytches The Bad Egg Part 7),$1.25
03/07/18,Image Comics,Oblivion Song By Kirkman And De Felici #1,$3.99
03/07/18,Image Comics,Oblivion Song By Kirkman And De Felici #1 (Collector'S Edition),$200.00
03/07/18,Image Comics,Prism Stalker #1,$2.99
03/07/18,Image Comics,Savage Dragon #232,$3.99
03/07/18,Image Comics,Scales And Scoundrels #7,$3.99
03/07/18,Image Comics,Scud The Disposable Assassin The Whole Shebang Tp (New Printing),$34.99 
03/07/18,Image Comics,Spread #25 (Cover A Kyle Strahm & Felipe Sobreiro),$3.99
03/07/18,Image Comics,Spread #25 (Cover B Felipe Sobreiro),$3.99
03/07/18,Image Comics,Vs #1 (Esad Ribic 2nd Printing Variant Cover),$3.99
03/07/18,Image Comics,Walking Dead #177 (Cover A Charlie Adlard & Dave Stewart),$3.99
03/07/18,Image Comics,Walking Dead #177 (Cover B Bill Sienkiewicz),$3.99
03/07/18,Image Comics,Walking Dead Volume 29 Tp,$16.99
03/07/18,Image Comics,Wicked + The Divine #34 (Cover A Jamie Mckelvie & Matt Wilson),$3.99
03/07/18,Image Comics,Wicked + The Divine #34 (Cover B Daniel Warren Johnson & Mike Spicer),$3.99
03/07/18,Image Comics,Wicked + The Divine #34 (Cover C Jamie Mckelvie & Matt Wilson Virgin Wraparound Variant),$3.99
03/07/18,Keenspot Entertainment,Dreamless #1,$4.99
03/07/18,Kim Weston,Complete Carl Barks Index Sc,$34.95
03/07/18,Kim Weston,Complete Carl Barks Index Sc (Large Print Edition),$39.95
03/07/18,Kodansha Comics,Battle Angel Alita Deluxe Edition Volume 2 Hc,$29.99 
03/07/18,Kodansha Comics,Frau Faust Volume 4 Gn,$12.99 
03/07/18,Magnetic Collection,Jazz Maynard Volume 2 #2,$3.99 
03/07/18,Marrs Media,Rue Morgue Magazine #181,$9.95 
03/07/18,Marvel Comics,Amazing Spider-Man #795 (Alex Ross 2nd Printing Variant Cover),$3.99
03/07/18,Marvel Comics,Amazing Spider-Man #797 (Cover A Alex Ross),$3.99
03/07/18,Marvel Comics,Amazing Spider-Man #797 (Cover B Humberto Ramos Connecting Variant A),Ar
03/07/18,Marvel Comics,Amazing Spider-Man #797 (Cover C Ed Mcguinness Design Variant),Ar
03/07/18,Marvel Comics,Amazing Spider-Man #797 (Cover D Clayton Crain Mighty Thor Variant),Ar
03/07/18,Marvel Comics,Amazing Spider-Man #797 (Cover E Ross Andru Remastered Variant),Ar
03/07/18,Marvel Comics,Amazing Spider-Man #797 (Cover F Ross Andru Remastered Black & White Variant),Ar
03/07/18,Marvel Comics,Amazing Spider-Man #797 (Cover G Aaron Kuder Young Guns Variant),Ar
03/07/18,Marvel Comics,Avengers #679 (Aaron Kim Jacinto 2nd Printing Variant Cover),$3.99
03/07/18,Marvel Comics,Avengers #683 (Cover A Mark Brooks),$3.99
03/07/18,Marvel Comics,Avengers #683 (Cover B Humberto Ramos Mighty Thor Variant),Ar
03/07/18,Marvel Comics,Avengers And The Infinity Gauntlet Tp,$15.99
03/07/18,Marvel Comics,Black Bolt #11,$3.99
03/07/18,Marvel Comics,Captain America #699,$3.99
03/07/18,Marvel Comics,Daredevil By Mark Waid And Chris Samnee Omnibus Volume 2 Hc,$100.00
03/07/18,Marvel Comics,Deadpool Minibus Volume 0 Hc,$75.00
03/07/18,Marvel Comics,Doctor Strange Damnation #2 (Of 4)(Cover A Rod Reis),$3.99
03/07/18,Marvel Comics,Doctor Strange Damnation #2 (Of 4)(Cover B Ron Lim),Ar
03/07/18,Marvel Comics,Doctor Strange Damnation #2 (Of 4)(Cover C Emanuela Lupacchino Mighty Thor Variant),Ar
03/07/18,Marvel Comics,Doctor Strange Damnation #2 (Of 4)(Cover D Tbd Marvel'S Agents Of S.H.I.E.L.D. Road To 100 Variant),Ar
03/07/18,Marvel Comics,Doctor Strange Damnation #2 (Of 4)(Cover E Greg Smallwood Connecting Variant B),Ar
03/07/18,Marvel Comics,Doctor Strange Damnation #2 (Of 4)(Cover F Rod Reis Tarnation Variant),Ar
03/07/18,Marvel Comics,Hawkeye #16,$3.99
03/07/18,Marvel Comics,Iceman #11,$3.99
03/07/18,Marvel Comics,Infinity Countdown #1 (Of 5)(Cover A Nick Bradshaw),$4.99
03/07/18,Marvel Comics,Infinity Countdown #1 (Of 5)(Cover B Nick Derington),Ar
03/07/18,Marvel Comics,Infinity Countdown #1 (Of 5)(Cover C Gustavo Duarte),Ar
03/07/18,Marvel Comics,Infinity Countdown #1 (Of 5)(Cover D Russell Dauterman Mighty Thor Variant),Ar
03/07/18,Marvel Comics,Infinity Countdown #1 (Of 5)(Cover E Aaron Kuder Connecting Variant A),Ar
03/07/18,Marvel Comics,Infinity Countdown #1 (Of 5)(Cover F John Tyler Christopher Trading Card Variant),Ar
03/07/18,Marvel Comics,Infinity Countdown #1 (Of 5)(Cover G Ron Lim Wraparound Variant),Ar
03/07/18,Marvel Comics,Infinity Countdown #1 (Of 5)(Cover H Adi Granov Captain Marvel Holds Infinity Variant),Ar
03/07/18,Marvel Comics,Infinity Countdown #1 (Of 5)(Cover I Nick Bradshaw Marvel'S Agents Of S.H.I.E.L.D. Road To 100 Variant),Ar
03/07/18,Marvel Comics,Infinity Gauntlet Hardcover Slipcase Box Set,$500.00
03/07/18,Marvel Comics,Marvel'S Ant-Man And The Wasp Prelude #1 (Of 2),$3.99
03/07/18,Marvel Comics,Moon Knight By Brian Michael Bendis And Alex Maleev Hc,$34.99
03/07/18,Marvel Comics,Rise Of The Black Panther #3 (Of 6)(Cover A Brian Stelfreeze),$3.99
03/07/18,Marvel Comics,Rise Of The Black Panther #3 (Of 6)(Cover B Dario Brizuela Marvel Super Heroes Adventures Variant),Ar
03/07/18,Marvel Comics,Rogue And Gambit #3 (Of 5),$3.99
03/07/18,Marvel Comics,Sentry Tp (New Printing),$24.99
03/07/18,Marvel Comics,She-Hulk #163,$3.99
03/07/18,Marvel Comics,Spider-Gwen #1 (Mark Brooks Art Fade Variant)(Mark Brooks & John Romita Sr. Signed Edition)(Dynamic Forces),Ar
03/07/18,Marvel Comics,Spider-Gwen #25 (John Romita Sr. Silver Signature Edition)(Dynamic Forces),Ar
03/07/18,Marvel Comics,Spider-Man #238,$3.99
03/07/18,Marvel Comics,Spider-Man Deadpool By Kelly Mcguinness Hc,$34.99
03/07/18,Marvel Comics,Star Wars #44 (Cover A David Marquez),$3.99
03/07/18,Marvel Comics,Star Wars #44 (Cover B Rod Reis Galactic Icon Variant),Ar
03/07/18,Marvel Comics,Star Wars #44 (Cover C John Tyler Christopher Action Figure Variant),Ar
03/07/18,Marvel Comics,Thanos #13 (Geoff Shaw 3rd Printing Variant Cover),$3.99
03/07/18,Marvel Comics,True Believers Venom Sybiosis #1,$1.00
03/07/18,Marvel Comics,True Believers Venom Vs Spider-Man #1,$1.00
03/07/18,Marvel Comics,Unbeatable Squirrel Girl Volume 3 Hc,$34.99
03/07/18,Marvel Comics,Venom #163,$3.99
03/07/18,Marvel Comics,X-Men Gold #23 (Cover A David Nakayama),$3.99
03/07/18,Marvel Comics,X-Men Gold #23 (Cover B Jason Pearson New Mutants Variant),Ar
03/07/18,Marvel Comics,X-Men Red #1 (Mahmud A. Asrar 2nd Printing Variant Cover),$4.99
03/07/18,Marvel Comics,X-Men Red #2 (Cover A Travis Charest),$3.99
03/07/18,Marvel Comics,X-Men Red #2 (Cover B Travis Charest Headshot Variant),Ar
03/07/18,Marvel Comics,X-Men Red #2 (Cover C Dan Mora New Mutants Variant),Ar
03/07/18,New England Comics,Tick #3,$3.99 
03/07/18,One Peace Books,Kuma Miko Girl Meets Bear Volume 7 Gn,$11.95
03/07/18,Oni Press,Ballad Of Sang #1 (Of 5)(Cover A Alessandro Micelli & Shari Chankhamma),$3.99 
03/07/18,Oni Press,Ballad Of Sang #1 (Of 5)(Cover B Marley Zarcone),$3.99 
03/07/18,Oni Press,Rick And Morty Presents The Vindicators #1 (Cover A Cj Cannon & Nick Filardi),$4.99 
03/07/18,Oni Press,Rick And Morty Presents The Vindicators #1 (Cover B Cj Cannon),$4.99 
03/07/18,Panini Publishing,Doctor Who Magazine #522 (February 2018),$11.99
03/07/18,Penguin Group Uk,Doctor Who The Day She Saved The Doctor Four Stories From The Tardis Hc,$14.99 
03/07/18,Ps Artbooks,Pre-Code Classics Beware Volume 1 Hc,$59.99
03/07/18,Ps Artbooks,Pre-Code Classics Beware Volume 1 Hc (Slipcase Edition),$69.99
03/07/18,Ps Artbooks,Pre-Code Classics Ghostly Weird Stories Hc (Slipcase Edition),$54.99
03/07/18,Ps Artbooks,Pre-Code Classics Voodoo Volume 1 Hc,$59.99
03/07/18,Ps Artbooks,Pre-Code Classics Voodoo Volume 1 Hc (Slipcase Edition),$69.99
03/07/18,Random House Books For Young Readers,Sonic The Hedgehog Mad Libs Sc,$4.99 
03/07/18,Random House Books For Young Readers,Sonic The Hedgehog Sonic And The Tales Of Deception Sc,$6.99 
03/07/18,Random House Books For Young Readers,Star Wars Droids Mad Libs Sc,$4.99 
03/07/18,Random House Books For Young Readers,Welcome To The World Of Sonic Sc,$7.99 
03/07/18,Rebellion/2000ad,2000 Ad Pack January 2018 (2062-2066),$27.00
03/07/18,Seven Seas Entertainment,Arifuta Commonplace To World'S Strongest Volume 1 Gn,$12.99
03/07/18,Seven Seas Entertainment,Monster Musume Volume 13 Gn,$12.99 
03/07/18,Space Goat Publishing,Mage Inc. Back Pack Edition Volume 1 The Intern Gn,$12.99 
03/07/18,Sublime,Blue Morning Volume 7 Gn,$12.99
03/07/18,Titan Publishing Group,Assassin'S Creed Origins #1 (Of 4)(Cover A Stephanie Hans),$3.99
03/07/18,Titan Publishing Group,Assassin'S Creed Origins #1 (Of 4)(Cover B Game Art),$3.99
03/07/18,Titan Publishing Group,Assassin'S Creed Origins #1 (Of 4)(Cover C Sanya Anwar),$3.99
03/07/18,Titan Publishing Group,Assassin'S Creed Origins #1 (Of 4)(Cover D Sunsetagain),$3.99
03/07/18,Titan Publishing Group,Black Panther The Official Movie Special (Newstand Edition),$9.99
03/07/18,Titan Publishing Group,Black Panther The Official Movie Special (Previews Exclusive Edition),$9.99
03/07/18,Titan Publishing Group,Complete Burne Hogarth Comic Strip Library Volume 5 Tarzan And The Adventurers Hc,$49.95 
03/07/18,Titan Publishing Group,Doctor Radar Tp,$16.99 
03/07/18,Titan Publishing Group,Doctor Who The Tenth Doctor Year Three #14 (Cover A Iolanda Zanfardino),$3.99
03/07/18,Titan Publishing Group,Doctor Who The Tenth Doctor Year Three #14 (Cover B Photo),$3.99 
03/07/18,Titan Publishing Group,Doctor Who The Tenth Doctor Year Three #14 (Cover C Nick Abadzis),$3.99 
03/07/18,Titan Publishing Group,Fighting American The Ties That Bind #1 (Of 4)(Cover A Jerry Ordway),$3.99 
03/07/18,Titan Publishing Group,Fighting American The Ties That Bind #1 (Of 4)(Cover B Jack Kirby),$3.99 
03/07/18,Titan Publishing Group,Fighting American The Ties That Bind #1 (Of 4)(Cover C Andie Tong),$3.99 
03/07/18,Titan Publishing Group,Star Wars Insider #179 (Newsstand Edition),$7.99 
03/07/18,Titan Publishing Group,Star Wars Insider #179 (Previews Exclusive Edition),$7.99 
03/07/18,Titan Publishing Group,Wolfenstein #1 (Nycc Exclusive Variant Cover),$7.00 
03/07/18,Toon Books,Snails Are Just My Speed Gn,$12.95
03/07/18,Toon Graphics,Dragon Slayer Folktales From Latin America Hc,$16.95
03/07/18,Toon Graphics,Dragon Slayer Folktales From Latin America Sc,$9.99
03/07/18,Twomorrows Publishing,It Crept From The Tomb Sc,$29.95
03/07/18,University Press Of Mississippi,Comics Of Herge When The Lines Are Not So Clear Sc,$30.00 
03/07/18,Valiant Entertainment,Bloodshot Salvation #7 (Cover A Jeff Lemire),$3.99
03/07/18,Valiant Entertainment,Bloodshot Salvation #7 (Cover B Raul Allen),$3.99
03/07/18,Valiant Entertainment,Bloodshot Salvation #7 (Cover C Renato Guedes),$3.99
03/07/18,Valiant Entertainment,Bloodshot Salvation #7 (Cover D David Lafuente Interlocking Variant),Ar
03/07/18,Valiant Entertainment,Bloodshot Salvation #7 (Cover E Bob Layton Bloodshot Icon Variant),Ar
03/07/18,Valiant Entertainment,Bloodshot Salvation #7 (Cover F Ryan Bodenheim Pre-Order Edition Variant),$3.99
03/07/18,Valiant Entertainment,Bloodshot Salvation Volume 1 The Book Of Revenge Tp,$9.99
03/07/18,Valiant Entertainment,War Mother Volume 1 Tp,$9.99
03/07/18,Vault Comics,Deuce Of Hearts #2 (Of 5),$3.99 
03/07/18,Vertical Comics,Devils' Line Volume 10 Gn,$12.95 
03/07/18,Viz Media,Demon Prince Of Momochi House Volume 11 Gn,$9.99 
03/07/18,Viz Media,Kaguya-Sama Love Is War Volume 1 Gn,$9.99 
03/07/18,Viz Media,One Piece 3-In-1 Edition Volume 23 Tp,$14.99 
03/07/18,Viz Media,Qq Queen'S Quality Volume 3 Gn,$9.99 
03/07/18,Viz Media,Rin-Ne Volume 26 Gn,$9.99
03/07/18,Viz Media,Sisyphean Sc,$16.99
03/07/18,Viz Media,Splatoon Manga Volume 2 Gn,$9.99
03/07/18,Viz Media,Sweet Blue Flowers Volume 3 Gn,$24.99
03/07/18,Viz Media,Yu-Gi-Oh Arc V Volume 3 Gn,$9.99 
03/07/18,Yen Press,Barakamon Volume 15 Gn,$15.00
03/07/18,Yen Press,Prison School Volume 9 Gn,$20.00
03/07/18,Yen Press,Real Life Volume 1 Gn,$15.00
03/07/18,Zenescope Entertainment,Hellchild Inferno #1 (One Shot)(Cover A Joyce Chin),$5.99 
03/07/18,Zenescope Entertainment,Hellchild Inferno #1 (One Shot)(Cover B Sheldon Goh),$5.99 
03/07/18,Zenescope Entertainment,Hellchild Inferno #1 (One Shot)(Cover C Jay Anacleto),$5.99 
03/07/18,Zenescope Entertainment,Hellchild Inferno #1 (One Shot)(Cover D Derlis Santacruz),$5.99 
03/07/18,Zenescope Entertainment,Van Helsing Vs Robyn Hood #3 (Of 4)(Cover A Sean Chen),$3.99 
03/07/18,Zenescope Entertainment,Van Helsing Vs Robyn Hood #3 (Of 4)(Cover B Canaan White),$3.99 
03/07/18,Zenescope Entertainment,Van Helsing Vs Robyn Hood #3 (Of 4)(Cover C Alfredo Reyes),$3.99 
03/07/18,Zenescope Entertainment,Van Helsing Vs Robyn Hood #3 (Of 4)(Cover D Richard Ortiz),$3.99 
03/07/18,Merchandise,300 Rise Of An Empire Themistokles 1/6 Scale Action Figure,Ar
03/07/18,Merchandise,4d Game Of Thrones Globe 3 Inch Puzzle,Ar
03/07/18,Merchandise,4d Game Of Thrones Globe 6 Inch Puzzle,Ar
03/07/18,Merchandise,4d Game Of Thrones Globe 9 Inch Puzzle,Ar
03/07/18,Merchandise,4d Mini Batman Gotham City Puzzle,Ar
03/07/18,Merchandise,4d Mini Game Of Thrones Westeros City Puzzle,Ar
03/07/18,Merchandise,4d Mini Superman Metropolis Puzzle,Ar
03/07/18,Merchandise,Alien Burst 3d Molded Mug,Ar
03/07/18,Merchandise,Amazing Spider-Man #797 Poster By Alex Ross,Ar
03/07/18,Merchandise,Black Panther Action Moon Bi-Fold Wallet,Ar
03/07/18,Merchandise,Black Panther Logo And Bust Bi-Fold Wallet,Ar
03/07/18,Merchandise,Black Panther Logo Seatbelt Belt,Ar
03/07/18,Merchandise,Blame! Killy 1/12 Scale Action Figure,Ar
03/07/18,Merchandise,Blame! Safeguard 1/12 Scale Action Figure,Ar
03/07/18,Merchandise,Coreplay Deep Blur Diver 1/6 Scale Pvc Figure,Ar
03/07/18,Merchandise,Coreplay Deep Blur Diver 1/6 Scale Pvc Figure (White Version),Ar
03/07/18,Merchandise,Dark Knight Bat-Pod S.H.Figuarts Accessory,Ar
03/07/18,Merchandise,Dark Knight Selina Kyle Catwoman Miracle Action Figure Ex 2.0 Version,Ar
03/07/18,Merchandise,Dc Bombshells Series 2 Batwoman Noir Edition 7 Inch Vinyl Figure,Ar
03/07/18,Merchandise,Dc Cinematic Wonder Woman Heroine 16 Inch Doll Bundle Edition,Ar
03/07/18,Merchandise,Dc Gallery Superman Vs The Flash Racing Statue,Ar
03/07/18,Merchandise,Disney Series 14 Laser Cut Figural Keyring 24 Piece Blind Mystery Box,Ar
03/07/18,Merchandise,Disney Tsum Tsum 2018 Easter Blind Mystery Box,Ar
03/07/18,Merchandise,Doctor Who Titans Tardis Glow In The Dark 4.5 Inch Vinyl Figure,Ar
03/07/18,Merchandise,Dorbz Attack On Titan Eren Jaeger Vinyl Figure,Ar
03/07/18,Merchandise,Dragon Ball Kid Goku S.H.Figuarts Action Figure,Ar
03/07/18,Merchandise,Dragon Ball Scultures Bulma Ending Version Figure,Ar
03/07/18,Merchandise,Dragon Ball Z Blood Of Saiyans Son Goku Figure,Ar
03/07/18,Merchandise,Dragon Ball Z Grandista Resolution Of Soldiers Vegeta Figure,Ar
03/07/18,Merchandise,Fallout 4 T-51 Power Armor Nuka Cola Armor Pack,Ar
03/07/18,Merchandise,Fate Grand Order Saber Altria Pendragon Lilly 1/7 Scale Pvc Figure,Ar
03/07/18,Merchandise,Gate Jieitai Kanochi Nite Rory Mercury 1/7 Scale Pvc Figure,Ar
03/07/18,Merchandise,Girls Und Panzer Darjeeling 1/7 Scale Pvc Figure,Ar
03/07/18,Merchandise,Godzilla Vs Mechagodzilla 1974 S.H.Monsterarts Action Figure,Ar
03/07/18,Merchandise,Harry Potter Goblet Of Fire Lord Voldemort 1/8 Scale Action Figure,Ar
03/07/18,Merchandise,Harry Potter Goblet Of Fire Lord Voldemort 1/8 Scale Action Figure With Flash,Ar
03/07/18,Merchandise,Hdge Technical Ca Calne Pvc Statue No 12 (Kamihikouki Version),Ar
03/07/18,Merchandise,Hdge Technical Pvc Statue No 20 Mari Prison School,Ar
03/07/18,Merchandise,Hello Neighbor Domez 24 Piece Blind Mystery Box,Ar
03/07/18,Merchandise,Jojo'S Bizarre Adventure Figure Gallery V6 Jotaro Figure,Ar
03/07/18,Merchandise,Jurassic Park Logo 16 Ounce Tumbler With Red Lid,Ar
03/07/18,Merchandise,King Of Fighters 98 Ultimate Match Iori Yagami Figma,Ar
03/07/18,Merchandise,King Of Fighters 98 Ultimate Match Kyo Kusanagi Figma,Ar
03/07/18,Merchandise,Kinnikuman Akuma Shogun S.H.Figuarts Action Figure (Original Color Version),Ar
03/07/18,Merchandise,Love Live Eli Ayase 1/7 Scale Pvc Figure Maid Cafe Version,Ar
03/07/18,Merchandise,Marvel Black Panther 16 Ounce Tumbler With Purple Lid,Ar
03/07/18,Merchandise,Marvel Gallery Thor Ragnarok Thor Pvc Figure,Ar
03/07/18,Merchandise,Marvel Super Hero Adventures Poster,Ar
03/07/18,Merchandise,Marvel X Tokidoki Avengers Black Hoodie Lg,Ar
03/07/18,Merchandise,Marvel X Tokidoki Avengers Black Hoodie Med,Ar
03/07/18,Merchandise,Marvel X Tokidoki Avengers Black Hoodie Xl,Ar
03/07/18,Merchandise,Marvel X Tokidoki Marvel Trio 950 Snapback Cap,Ar
03/07/18,Merchandise,Marvel X Tokidoki Spider-Gwen Navy Womens T-Shirt Lg,Ar
03/07/18,Merchandise,Marvel X Tokidoki Spider-Gwen Navy Womens T-Shirt Med,Ar
03/07/18,Merchandise,Marvel X Tokidoki Spider-Gwen Navy Womens T-Shirt Xl,Ar
03/07/18,Merchandise,Marvel X Tokidoki Super Pop T-Shirt Lg,Ar
03/07/18,Merchandise,Marvel X Tokidoki Super Pop T-Shirt Med,Ar
03/07/18,Merchandise,Marvel X Tokidoki Super Pop T-Shirt Sm,Ar
03/07/18,Merchandise,Marvel X Tokidoki Super Pop T-Shirt Xl,Ar
03/07/18,Merchandise,Mashin Eiyuden Wataru Ryuoumaru Nxedge Figure Mashin Version,Ar
03/07/18,Merchandise,Mighty Thor #705 Poster By Russell Dauterman,Ar
03/07/18,Merchandise,My Little Pony Glitter Style Seapony Assortment 201801,Ar
03/07/18,Merchandise,Myriad Colors Phantom World Mai Kawakami 1/7 Scale Pvc Figure,Ar
03/07/18,Merchandise,Naruto Itachi Susanoo Kizuna Relation Figuarts Zero Action Figure,Ar
03/07/18,Merchandise,Naruto Jiraiya S.H.Figuarts Action Figure,Ar
03/07/18,Merchandise,One Piece King Of Artists Luffy 20th Anniversary Figure,Ar
03/07/18,Merchandise,One Piece Scultures Big Zoukeio6 Ace Figure,Ar
03/07/18,Merchandise,One Piece Scultures Sabo Burning Color Version Figure,Ar
03/07/18,Merchandise,Pocket Pop Black Panther Black Panther Glow Figure Keychain,Ar
03/07/18,Merchandise,Pop Cuphead Legendary Devil Vinyl Figure,Ar
03/07/18,Merchandise,Pop Marvel Contest Of Champions Howard The Duck 6 Inch Vinyl Figure,Ar
03/07/18,Merchandise,Pop Rick And Morty Cornvelious Daniel Vinyl Figure,Ar
03/07/18,Merchandise,Pop Rick And Morty Hemorrhage Vinyl Figure,Ar
03/07/18,Merchandise,Pop Royal Family Prince Charles Vinyl Figure,Ar
03/07/18,Merchandise,Pop Teen Titans Go Night Begins To Shine Raven Vinyl Figure,Ar
03/07/18,Merchandise,Pop Tick Tv Tick Vinyl Figure,Ar
03/07/18,Merchandise,Pop Walking Dead Ezekiel Vinyl Figure,Ar
03/07/18,Merchandise,Pop Walking Dead Negan Clean Shaven Vinyl Figure,Ar
03/07/18,Merchandise,Revoltech Evangelion Evolution Ev-005 Action Figure Unit-02,Ar
03/07/18,Merchandise,Revoltech Evangelion Evolution Ev-006 Action Figure Unit-04,Ar
03/07/18,Merchandise,Robotech 1/72 Scale F-14 J Vermillion One Diecast Model,Ar
03/07/18,Merchandise,Sailor Moon Crystal Sailor Pluto Figuarts Zero Guardian Version,Ar
03/07/18,Merchandise,Star Blazers 2202 Yamamoto Akira S.H.Figuarts Action Figure,Ar
03/07/18,Merchandise,Star Wars Episode Viii 25 Ounce Tritan Union Black Water Bottle,Ar
03/07/18,Merchandise,Star Wars Episode Viii Window Box 4 Piece Mini Glass Set,Ar
03/07/18,Merchandise,Street Fighter Chun-Li Battle Costume Bishoujo Statue,Ar
03/07/18,Merchandise,Street Fighter V Akuma S.H.Figuarts Action Figure,Ar
03/07/18,Merchandise,Tokidoki Jungle Jam Womens Mint T-Shirt Lg,Ar
03/07/18,Merchandise,Tokidoki Jungle Jam Womens Mint T-Shirt Med,Ar
03/07/18,Merchandise,Tokidoki New School Black T-Shirt Lg,Ar
03/07/18,Merchandise,Tokidoki New School Black T-Shirt Med,Ar
03/07/18,Merchandise,Tokidoki New School Black T-Shirt Xl,Ar
03/07/18,Merchandise,Tokidoki New School Black T-Shirt Xxl,Ar
03/07/18,Merchandise,Trigun Badlands Rumble Vash Holdup Version 1/6 Scale Polystone Figure,Ar
03/07/18,Merchandise,Venomized Poster By Nick Bradshaw,Ar
03/07/18,Merchandise,Victor Frankenstein Prometheus 1/6 Scale Figure,Ar
03/07/18,Merchandise,Voltron Legendary Defender 5 Inch Pilots Action Figure Assortment,Ar
11/01/17,3d Total Publishing,Character Design Quarterly Volume 2 Sc,$16.00 
11/01/17,Adhouse Books,Expansion Gn,$14.95 
11/01/17,Albatross Funnybooks,Namwolf Volume 1 Heart Of Darkness Tp,$17.99 
11/01/17,Albatross Funnybooks,Spookhouse Volume 1 Tp,$17.99 
11/01/17,Alternative Comics,Schiz Gn,$15.99 
11/01/17,Alternative Comics,Willows #1 (One Shot),$4.99 
11/01/17,Andrews Mcmeel,#Lovemutts A Mutts Treasury Tp,$19.99 
11/01/17,Applause Publishing,Buffy The Vampire Slayer Faq Sc,$19.99
11/01/17,Arcana Studio,Howard Lovecraft And The Undersea Kingdom Gn,$14.95
11/01/17,Archie Comic Publications,Archie #25 (Cover A Audrey Mok),$3.99
11/01/17,Archie Comic Publications,Archie #25 (Cover B Rafael Albuquerque),$3.99
11/01/17,Archie Comic Publications,Archie #25 (Cover C Jen Bartel),$3.99
11/01/17,Archie Comic Publications,Shield Volume 1 Daughter Of The Revolution Tp,$14.99
11/01/17,Archie Comic Publications,World Of Archie Christmas Annual Digest #73,$6.99
11/01/17,Aspen Comics,No World #6 (Cover A Jordan Gunderson),$3.99 
11/01/17,Aspen Comics,No World #6 (Cover B Donny Tran),$3.99 
11/01/17,Aspen Comics,No World #6 (Cover C Alex Konat),Ar
11/01/17,Avatar Press,Uber Invasion #9 (Cover A Daniel Gete),$3.99 
11/01/17,Avatar Press,Uber Invasion #9 (Cover B Daniel Gete Wraparound Variant),$3.99 
11/01/17,Avatar Press,Uber Invasion #9 (Cover C Daniel Gete Blitzkreig Variant),$3.99 
11/01/17,Avatar Press,Uber Invasion #9 (Cover D Daniel Gete Propaganda Poster Variant),$3.99 
11/01/17,Avatar Press,Uber Invasion #9 (Cover E Daniel Gete War Crimes Variant),$3.99 
11/01/17,Avatar Press,Uber Invasion #9 (Cover F Gabriel Andrade Vip Premium Variant),$9.99 
11/01/17,Becker And Meyer Books,Star Wars Master Models Darth Vader Sc,$24.99 
11/01/17,Becker And Meyer Books,Star Wars Master Models R2-D2 Sc,$24.99 
11/01/17,Becker And Meyer Books,Star Wars Master Models Scenes Sc,$24.99
11/01/17,Black Library,Warhammer 40000 Cult Of The Warmason Prose Novel Sc,$16.00 
11/01/17,Black Library,Warhammer Chronicles The Rise Of Nagash Prose Novel Sc,$21.00 
11/01/17,Black Mask Comics,Black Volume 1 Tp,$19.99
11/01/17,Bongo Comics,Simpsons Comics Explosion #4,$9.99 
11/01/17,Boom! Studios,Adventure Time #70 (Cover A Shelli Paroline & Braden Lamb),$3.99
11/01/17,Boom! Studios,Adventure Time #70 (Cover B Joey Mccormick),$3.99
11/01/17,Boom! Studios,Amory Wars Iii Good Apollo I'M Burning Star Iv #8 (Of 12)(Cover A Rags Morales),$3.99
11/01/17,Boom! Studios,Clive Barker'S Hellraiser Omnibus Volume 1 Tp,$39.99
11/01/17,Boom! Studios,Giant Days #32 (Cover A Max Sarin),$3.99
11/01/17,Boom! Studios,Lazaretto #3 (Of 5)(Cover A Ignacio Valicenti),$3.99
11/01/17,Boom! Studios,Maze Runner The Death Cure Official Prelude Gn,$14.99
11/01/17,Boom! Studios,Steven Universe Volume 2 Anti-Gravity Gn,$14.99
11/01/17,Boundless Comics,Jungle Fantasy Survivors #6 (Christian Zanier Beauties Bikini Cover),$7.99
11/01/17,Boundless Comics,Jungle Fantasy Survivors #6 (Christian Zanier Beauties Cover),$7.99
11/01/17,Boundless Comics,Jungle Fantasy Survivors #6 (Ed Silva Bikini Babes Cover),$5.99
11/01/17,Boundless Comics,Jungle Fantasy Survivors #6 (Jonatas Natural Beauty Cover),$5.99
11/01/17,Boundless Comics,Jungle Fantasy Survivors #6 (Matt Martin Luscious Cover),$5.99
11/01/17,Boundless Comics,Jungle Fantasy Survivors #6 (Raulo Caceres Wraparound Cover),$5.99
11/01/17,Boundless Comics,Jungle Fantasy Survivors #6 (Renato Camilo Regualr Cover),$5.99
11/01/17,Boundless Comics,Jungle Fantasy Survivors #6 (Renato Camilo Sultry Cover),$5.99
11/01/17,Broadsword Comics,Tarot Witch Of The Black Rose #66 (Studio Deluxe Edition),$19.99 
11/01/17,Caliber Entertainment,Chillers Volume 1 Gn (New Edition),$14.99 
11/01/17,Caliber Entertainment,High Shining Brass Tpb,$14.99 
11/01/17,Caliber Entertainment,Jack London The Comic Book Collection Gn,$12.99 
11/01/17,Cernunnos,Fatales The Art Of Ryan Heska Hc,$50.00 
11/01/17,Chapterhouse Publishing,Queen Street Mmpb,$13.99
11/01/17,Chicago Review Press,Twilight Zone Encyclopedia Sc,$29.99 
11/01/17,Cinebook,Lucky Luke Volume 66 The Promised Land Tp,$11.95
11/01/17,Cinebook,Trent Volume 1 The Dead Man Gn,$11.95
11/01/17,Cinefex,Cinefex #155,$12.50
11/01/17,Classic Comics Press,Cisco Kid Volume 3 1955-1957 Tp,$25.95
11/01/17,Comic Shop News,Comic Shop News #1585,Ar
11/01/17,Daikaiju,G-Fan #117,$6.95
11/01/17,Danger Zone,Infinite Seven #8 (Cover A Arturo Mesa),$3.99 
11/01/17,Danger Zone,Infinite Seven #8 (Cover B Arturo Mesa),$3.99 
11/01/17,Danger Zone,Infinite Seven #8 (Cover C Michael Calero),$3.99 
11/01/17,Dark Horse Comics,Grandville Force Majeure Hc,$24.99
11/01/17,Dark Horse Comics,Hatsune Miku Future Delivery Volume 1 Tp,$10.99
11/01/17,Dark Horse Comics,Massive Ninth Wave Volume 1 Tp,$19.99
11/01/17,Dark Horse Comics,Once And Future Queen Tp,$14.99
11/01/17,Dark Horse Comics,Usagi Yojimbo #163,$3.99
11/01/17,Dark Horse Comics,Witcher Adult Coloring Book Tp,$14.99
11/01/17,Dc Comics,Absolute Justice League Worlds Greatest Superheroes Hc,$75.00
11/01/17,Dc Comics,Aquaman The Atlantis Chronicles Deluxe Edition Hc,$49.99
11/01/17,Dc Comics,Bane Conquest #7 (Of 12),$3.99
11/01/17,Dc Comics,Batman #34 (Cover A Joelle Jones),$2.99
11/01/17,Dc Comics,Batman #34 (Cover B Tony S. Daniel Justice League Variant),Ar
11/01/17,Dc Comics,Batman Detective Comics The Rebirth Deluxe Edition Volume 1 Hc,$34.99
11/01/17,Dc Comics,Batman The Dark Prince Charming Volume 1 Hc,$12.99
11/01/17,Dc Comics,Batman The Devastator #1 (One Shot),$3.99
11/01/17,Dc Comics,Batman White Knight #2 (Of 8)(Cover A Sean Murphy),$3.99
11/01/17,Dc Comics,Batman White Knight #2 (Of 8)(Cover B Sean Murphy),Ar
11/01/17,Dc Comics,Black Lightning Cold Dead Hands #1 (Of 6)(Cover A Clayton Henry),$3.99
11/01/17,Dc Comics,Black Lightning Cold Dead Hands #1 (Of 6)(Cover B Ken Lashley),Ar
11/01/17,Dc Comics,Bombshells United #5,$2.99
11/01/17,Dc Comics,Cyborg #18 (Cover A Eric Canete),$3.99
11/01/17,Dc Comics,Cyborg #18 (Cover B Dustin Nguyen Justice League Variant),Ar
11/01/17,Dc Comics,Dastardly And Muttley #3 (Of 6)(Cover A Mauricet),$3.99
11/01/17,Dc Comics,Dastardly And Muttley #3 (Of 6)(Cover B John Mcrea),Ar
11/01/17,Dc Comics,Dc Essentials Graphic Novels 2018,Ar
11/01/17,Dc Comics,Dc'S Greatest Hits Box Set,$39.96
11/01/17,Dc Comics,Deadman #1 (Of 6)(Cover A Neal Adams Glow In The Dark Edition),$4.99
11/01/17,Dc Comics,Deadman #1 (Of 6)(Cover B Neal Adams Standard Edition),$3.99
11/01/17,Dc Comics,Deathstroke #25 (Cover A Ryan Sook),$3.99
11/01/17,Dc Comics,Deathstroke #25 (Cover B Shane Davis & Michelle Delecki),Ar
11/01/17,Dc Comics,Green Arrow #34 (Cover A Jamal Campbell),$3.99
11/01/17,Dc Comics,Green Arrow #34 (Cover B Mike Grell),Ar
11/01/17,Dc Comics,Green Lanterns #34 (Cover A Mike Mckone),$2.99
11/01/17,Dc Comics,Green Lanterns #34 (Cover B Brandon Peterson),Ar
11/01/17,Dc Comics,Harley And Ivy Meet Betty And Veronica #2 (Of 6)(Cover A Emanuela Lupacchino),$3.99
11/01/17,Dc Comics,Harley And Ivy Meet Betty And Veronica #2 (Of 6)(Cover B Dan Parent),Ar
11/01/17,Dc Comics,Injustice 2 #13,$2.99
11/01/17,Dc Comics,Jetsons #1 (Of 6)(Cover A Amanda Conner),$3.99
11/01/17,Dc Comics,Jetsons #1 (Of 6)(Cover B Dave Johnson),Ar
11/01/17,Dc Comics,Justice League #32 (Cover A Ethan Van Sciver),$2.99
11/01/17,Dc Comics,Justice League #32 (Cover B Howard Porter Justice League Variant),Ar
11/01/17,Dc Comics,Justice League Volume 4 Endless Tp,$16.99
11/01/17,Dc Comics,Nightwing #32 (Cover A Javi Fernandez),$2.99
11/01/17,Dc Comics,Nightwing #32 (Cover B Yasmine Putri),Ar
11/01/17,Dc Comics,Superman #34 (Cover A Patrick Gleason),$2.99
11/01/17,Dc Comics,Superman #34 (Cover B Tony S. Daniel Issue 800 Variant),Ar
11/01/17,Dc Comics,Superman Action Comics Volume 4 The New World Tp,$19.99
11/01/17,Dc Comics,Two-Face A Celebration Of 75 Years Hc,$39.99
11/01/17,Dc Comics,Very Dc Universe Rebirth Holiday Tp,$16.99
11/01/17,Disney Editions,Art Of Coloring Mickey Mouse And Minnie Mouse Sc,$15.99
11/01/17,Dynamite Entertainment,Agent 47 Birth Of The Hitman #1 (Cover A Philip Tan),$3.99
11/01/17,Dynamite Entertainment,Agent 47 Birth Of The Hitman #1 (Cover B Jonathan Lau),$3.99
11/01/17,Dynamite Entertainment,Agent 47 Birth Of The Hitman #1 (Cover C Gameplay Photo),$3.99
11/01/17,Dynamite Entertainment,Agent 47 Birth Of The Hitman #1 (Cover D Jonathan Lau Black & White Variant),Ar
11/01/17,Dynamite Entertainment,Agent 47 Birth Of The Hitman #1 (Cover E Philip Tan Black & White Variant),Ar
11/01/17,Dynamite Entertainment,Agent 47 Birth Of The Hitman #1 (Cover F Philip Tan Virgin Variant),Ar
11/01/17,Dynamite Entertainment,Bettie Page #4 (Cover A Joseph Michael Linsner),$3.99
11/01/17,Dynamite Entertainment,Bettie Page #4 (Cover B Scott Chantler),$3.99
11/01/17,Dynamite Entertainment,Bettie Page #4 (Cover C Photo),$3.99
11/01/17,Dynamite Entertainment,Bettie Page #4 (Cover D Scott Chantler Black & White Variant),Ar
11/01/17,Dynamite Entertainment,Bettie Page #4 (Cover E Joseph Michael Linsner Virgin Variant),Ar
11/01/17,Dynamite Entertainment,Bettie Page #4 (Cover F Scott Chantler Virgin Variant),Ar
11/01/17,Dynamite Entertainment,Doc Savage The Ring Of Fire Tp,$15.99
11/01/17,Dynamite Entertainment,Grumpy Cat Garfield #1 (Of 3)(Cover I Phil Murphy Comic Strip Variant)(Jim Davis Signed Edition),Ar
11/01/17,Dynamite Entertainment,Red Sonja #10 (Cover A Amy Reeder,$3.99
11/01/17,Dynamite Entertainment,Red Sonja #10 (Cover B Ben Caldwell),$3.99
11/01/17,Dynamite Entertainment,Red Sonja #10 (Cover C Jonboy Meyers),$3.99
11/01/17,Dynamite Entertainment,Red Sonja #10 (Cover D Cosplay),$3.99
11/01/17,Dynamite Entertainment,Red Sonja #10 (Cover E Carlos E. Gomez),$3.99
11/01/17,Dynamite Entertainment,Red Sonja #10 (Cover F Amy Reeder Black & White Variant),Ar
11/01/17,Dynamite Entertainment,Red Sonja #10 (Cover G Ben Caldwell Virgin Variant),Ar
11/01/17,Dynamite Entertainment,Red Sonja #10 (Cover H Jonboy Meyers Black & White Variant),Ar
11/01/17,Dynamite Entertainment,Shadow Batman #2 (Of 6)(Cover A Tony S. Daniel),$3.99
11/01/17,Dynamite Entertainment,Shadow Batman #2 (Of 6)(Cover B Brandon Peterson),$3.99
11/01/17,Dynamite Entertainment,Shadow Batman #2 (Of 6)(Cover C Artyom Trakhanov),$3.99
11/01/17,Dynamite Entertainment,Shadow Batman #2 (Of 6)(Cover D Philip Tan),$3.99
11/01/17,Dynamite Entertainment,Shadow Batman #2 (Of 6)(Cover E Timpano),$3.99
11/01/17,Dynamite Entertainment,Shadow Batman #2 (Of 6)(Cover F Philip Tan Black & White Variant),Ar
11/01/17,Dynamite Entertainment,Shadow Batman #2 (Of 6)(Cover G Tony S. Daniel Virgin Variant),Ar
11/01/17,Dynamite Entertainment,Shadow Batman #2 (Of 6)(Cover H Artyom Trakhanov Virgin Variant),Ar
11/01/17,Dynamite Entertainment,Shadow Batman #2 (Of 6)(Cover I Brandon Peterson Black & White Variant),Ar
11/01/17,Dynamite Entertainment,Shadow Batman #2 (Of 6)(Cover J Tony S. Daniel Black & White Variant),Ar
11/01/17,Dynamite Entertainment,Skin And Earth #1 (Of 6)(Lights Profile 2nd Printing Variant Cover),$3.99 
11/01/17,Dynamite Entertainment,Skin And Earth #2 (Of 6)(Lights Mask 2nd Printing Variant Cover),$3.99 
11/01/17,Dynamite Entertainment,Vampirella The Dynamite Years Omnibus Volume 1 Tp,$39.99
11/01/17,Edgar Rice Burroughs,Wild Adventures Of Edgar Rice Burroughs Volume 4 Tarzan The Greystoke Legacy Under Siege Hc,$34.95
11/01/17,Edgar Rice Burroughs,Wild Adventures Of Edgar Rice Burroughs Volume 4 Tarzan The Greystoke Legacy Under Siege Sc,$19.95
11/01/17,Edgar Rice Burroughs,Wild Adventures Of Edgar Rice Burroughs Volume 5 A Soldier Of Poloda Hc,$34.95
11/01/17,Edgar Rice Burroughs,Wild Adventures Of Edgar Rice Burroughs Volume 5 A Soldier Of Poloda Sc,$19.95
11/01/17,Fantagraphics Books,And Then The World Blew Up Sc,$29.99
11/01/17,First Second,Demon Volume 4 Gn,$19.99
11/01/17,Flesk Publications,Spectrum The Best In Contemporary Fantastic Art Volume 24 Sc,$35.00 
11/01/17,Fulcrum Publishing,Encyclopedia Of Black Comics Sc,$23.95 
11/01/17,Graphix,Dog Man The Epic Collection Boxed Set #1,$29.97 
11/01/17,Graphix,Dream Jumper Volume 2 Curse Of The Harvester Gn,$12.99 
11/01/17,Graphix,Dream Jumper Volume 2 Curse Of The Harvester Hc,$24.99 
11/01/17,Graphix,Witch Boy Volume 1 Gn,$12.99 
11/01/17,Graphix,Witch Boy Volume 1 Hc,$24.99 
11/01/17,Idw Publishing,Angry Birds Comics Flight School Hc,$12.99
11/01/17,Idw Publishing,Atomic Robo And The Spectre Of Tomorrow #1 (Cover A Scott Wegener),$3.99
11/01/17,Idw Publishing,Atomic Robo And The Spectre Of Tomorrow #1 (Cover B J.N. Wiedle),$3.99
11/01/17,Idw Publishing,Bernie Wrightson Artifact Edition Hc (Cover A Bernie Wrightson),$125.00
11/01/17,Idw Publishing,Bernie Wrightson Artifact Edition Hc (Cover B Bernie Wrightson),$125.00
11/01/17,Idw Publishing,Brutal Nature Volume 2 Concrete Fury Tp,$17.99
11/01/17,Idw Publishing,Clue #5 (Cover A Jon Sommariva),$3.99
11/01/17,Idw Publishing,Clue #5 (Cover B Nelson Daniel),$3.99
11/01/17,Idw Publishing,Clue #5 (Cover C Nicoletta Baldari),$3.99
11/01/17,Idw Publishing,Ducktales #2 (Cover A Marco Ghiglione),$3.99
11/01/17,Idw Publishing,Ducktales #2 (Cover B Marco Ghiglione),$3.99
11/01/17,Idw Publishing,Ducktales #2 (Cover C Marco Ghiglione Blueprint Character-Focused Variant),Ar
11/01/17,Idw Publishing,G.I. Joe A Real American Hero #245 (Cover A S. L. Gallant),$3.99
11/01/17,Idw Publishing,G.I. Joe A Real American Hero #245 (Cover B John Royle & Jagdish Kumar),$3.99
11/01/17,Idw Publishing,Kill Shakespeare Volume 5 Past Is Prologue Juliet Tp,$17.99
11/01/17,Idw Publishing,M.A.S.K. Mobile Armored Strike Kommand First Strike #1 (Cover A Drew Johnson),$3.99
11/01/17,Idw Publishing,M.A.S.K. Mobile Armored Strike Kommand First Strike #1 (Cover B Ilias Kyriazis),$3.99
11/01/17,Idw Publishing,M.A.S.K. Mobile Armored Strike Kommand First Strike #1 (Cover C Whilce Portacio),Ar
11/01/17,Idw Publishing,Man From The Great North Hc,$24.99
11/01/17,Idw Publishing,My Little Pony Treasury Edition Ponies Of Darkwater (Cover A Andy Price),$9.99
11/01/17,Idw Publishing,Optimus Prime #12 (Cover A Kei Zama),$3.99
11/01/17,Idw Publishing,Optimus Prime #12 (Cover B Casey W. Coller),$3.99
11/01/17,Idw Publishing,Optimus Prime #12 (Cover C Andrew Griffith),$3.99
11/01/17,Idw Publishing,Optimus Prime #12 (Cover D Joana Lafuente),Ar
11/01/17,Idw Publishing,Revolutionaries Volume 2 Power And Glory Tp,$15.99
11/01/17,Idw Publishing,Rom #14 (Cover A Nathan Greno),$3.99
11/01/17,Idw Publishing,Rom #14 (Cover B Guy Dorian & Sal Buscema),$3.99
11/01/17,Idw Publishing,Rom #14 (Cover C Andrew Griffith),$3.99
11/01/17,Idw Publishing,Rom #14 (Cover D Leonardo Manco),$3.99
11/01/17,Idw Publishing,Rom #14 (Cover E Ray Dillon),Ar
11/01/17,Idw Publishing,Teenage Mutant Ninja Turtles Ghostbusters Ii #1 (Cover A Dan Schoening),$3.99
11/01/17,Idw Publishing,Teenage Mutant Ninja Turtles Ghostbusters Ii #1 (Cover B Dave Wachter),$3.99
11/01/17,Idw Publishing,Teenage Mutant Ninja Turtles Ghostbusters Ii #1 (Cover C Karl Moline),Ar
11/01/17,Idw Publishing,Teenage Mutant Ninja Turtles Ghostbusters Ii #1 (Cover D Kevin Eastman & Freddie E. Williams Ii),Ar
11/01/17,Idw Publishing,Wormwood Gentleman Corpse Mr Wormwood Goes To Washington #2 (Of 3)(Cover A Ben Templesmith),$3.99
11/01/17,Idw Publishing,Wormwood Gentleman Corpse Mr Wormwood Goes To Washington #2 (Of 3)(Cover B Ben Templesmith),$3.99
11/01/17,Idw Publishing,Wormwood Gentleman Corpse Mr Wormwood Goes To Washington #2 (Of 3)(Cover C Ben Templesmith),Ar
11/01/17,Image Comics,Crosswind #5 (Cover A Cat Staggs),$3.99
11/01/17,Image Comics,Crosswind #5 (Cover B Cat Staggs),$3.99
11/01/17,Image Comics,Crosswind #5 (Cover C Cat Staggs The Walking Dead #54 Tribute Variant),$3.99
11/01/17,Image Comics,Crosswind #5 (Cover D Cat Staggs The Walking Dead #54 Tribute Black & White Variant),$3.99
11/01/17,Image Comics,Elsewhere #4 (Cover A Sumeyye Kesgin & Ron Riley),$3.99
11/01/17,Image Comics,Elsewhere #4 (Cover B Scott Godlewski & Ron Riley),$3.99
11/01/17,Image Comics,Extremity #8,$3.99
11/01/17,Image Comics,Gravediggers Union #1,$3.99
11/01/17,Image Comics,Lazarus X+66 #4 (Of 6),$3.99
11/01/17,Image Comics,No. 1 With A Bullet #1,$3.99
11/01/17,Image Comics,Paper Girls #17,$2.99
11/01/17,Image Comics,Spread #23,$3.99
11/01/17,Image Comics,Stray Bullets Sunshine And Roses #29,$3.99
11/01/17,Image Comics,Walking Dead #173,$2.99
11/01/17,Image Comics,Walking Dead Omnibus Volume 7 Hc,$100.00
11/01/17,Image Comics,Walking Dead Omnibus Volume 7 Hc (Signed & Numbered Edition),$150.00
11/01/17,Insight Editions,Art Of Harley Quinn Hc,$45.00
11/01/17,Insight Editions,Destiny 2 The Official Poster Collection Sc,$19.99 
11/01/17,Insight Editions,Die Hard Christmas An Illustrated Holiday Classic Sc,$16.99 
11/01/17,Insight Editions,Elves Volume 3 Gn,$16.99 
11/01/17,Insight Editions,Ghostbusters Ectomobile Owner'S Workshop Manual Hc,$29.99 
11/01/17,Insight Editions,Marvel Black Widow Creating The Avenging Super-Spy Hc,$45.00 
11/01/17,Insight Editions,Physics Of Star Wars Sc,$16.99 
11/01/17,Joe Books,Disney Snow White And The Seven Dwarfs The Story Of The Movie In Comics Gn,$5.99 
11/01/17,Joe Books,Disney Tangled The Story Of The Movie In Comics Gn,$5.99 
11/01/17,Joe Books,Disney The Lion King The Story Of The Movie In Comics Gn,$5.99 
11/01/17,Kodansha Comics,Animal Land Volume 13 Gn,$10.99 
11/01/17,Kodansha Comics,Fairy Tail Masters Edition Volume 5 Tp,$39.99
11/01/17,Kodansha Comics,Kigurumi Guardians Volume 2 Gn,$12.99 
11/01/17,Kodansha Comics,That Time I Got Reincarnated As A Slime Volume 2 Gn,$12.99 
11/01/17,Limerence Press,Oh Joy Sex Toy Volume 4 Gn,$29.99
11/01/17,Lion Forge,Catalyst Prime Noble Volume 2 #2,$3.99
11/01/17,Lion Forge,Voltron Legendary Defender Volume 2 #2 (Cover A Jung Gwan),$3.99 
11/01/17,Lion Forge,Voltron Legendary Defender Volume 2 #2 (Cover B Mariko Yamashin),$3.99 
11/01/17,Lion Forge,Voltron Legendary Defender Volume 2 #3 (Cover A Jung Gwan),$3.99
11/01/17,Lion Forge,Voltron Legendary Defender Volume 2 #3 (Cover B Mariko Yamashin),$3.99
11/01/17,Magnetic Collection,Jazz Maynard #6,$3.99
11/01/17,Manuscript Press,Comics Revue Presents October 2017,$19.95
11/01/17,Marrs Media,Rue Morgue Magazine #179,$9.95 
11/01/17,Marvel Comics,Astonishing X-Men #5 (Cover A Ramon Rosanas),$3.99
11/01/17,Marvel Comics,Astonishing X-Men #5 (Cover B Greg Land Character Variant),Ar
11/01/17,Marvel Comics,Avengers #673,$3.99
11/01/17,Marvel Comics,Avengers By Brian Michael Bendis The Complete Collection Volume 3 Tp,$39.99
11/01/17,Marvel Comics,Black Bolt #7,$3.99
11/01/17,Marvel Comics,Black Panther By Reginald Hudlin The Complete Collection Volume 1 Tp,$39.99
11/01/17,Marvel Comics,Captain America #695 (Cover A Chris Samnee),$3.99
11/01/17,Marvel Comics,Captain America #695 (Cover B Alex Ross),Ar
11/01/17,Marvel Comics,Captain America #695 (Cover C Mike Mckone Legacy Headshot Variant),Ar
11/01/17,Marvel Comics,Captain America #695 (Cover D Adi Granov),Ar
11/01/17,Marvel Comics,Captain America #695 (Cover E Jim Steranko),Ar
11/01/17,Marvel Comics,Captain America #695 (Cover F John Tyler Christopher Trading Card Variant),Ar
11/01/17,Marvel Comics,Captain America #695 (Cover G Blank Variant),Ar
11/01/17,Marvel Comics,Deadpool And X-Force Omnibus Hc,$100.00
11/01/17,Marvel Comics,Deadpool World'S Greatest Volume 10 Secret Empire Tp,$17.99
11/01/17,Marvel Comics,Generation X Volume 1 Natural Selection Tp,$17.99
11/01/17,Marvel Comics,Guardians Of The Galaxy #146 (Cover A Aaron Kuder),$3.99
11/01/17,Marvel Comics,Guardians Of The Galaxy #146 (Cover B Ron Lim Lenticular Homage Variant),Ar
11/01/17,Marvel Comics,Guardians Of The Galaxy #146 (Cover C Mike Mckone Legacy Headshot Variant),Ar
11/01/17,Marvel Comics,Guardians Of The Galaxy #146 (Cover D Adi Granov),Ar
11/01/17,Marvel Comics,Iceman #7,$3.99
11/01/17,Marvel Comics,Inhumans Once And Future Kings #4 (Of 5)(Cover A Nick Bradshaw),$3.99
11/01/17,Marvel Comics,Inhumans Once And Future Kings #4 (Of 5)(Cover B Phil Noto Character Variant),Ar
11/01/17,Marvel Comics,Iron Fist #74,$3.99
11/01/17,Marvel Comics,Legacy Free November Previews Spotlight,Ar
11/01/17,Marvel Comics,Marvel'S Thor Ragnarok The Art Of Movie Hc (Slipcase Edition),$50.00
11/01/17,Marvel Comics,Old Man Logan #30,$3.99
11/01/17,Marvel Comics,Peter Parker The Spectacular Spider-Man #6,$3.99
11/01/17,Marvel Comics,Power Pack #63 (Cover A Mike Mckone),$3.99
11/01/17,Marvel Comics,Power Pack #63 (Cover B June Brigman),Ar
11/01/17,Marvel Comics,Power Pack #63 (Cover C John Tyler Christopher Trading Card Variant),Ar
11/01/17,Marvel Comics,Spider-Gwen #24 (Robbi Rodriquez 2nd Printing Variant Cover),$3.99
11/01/17,Marvel Comics,Spider-Man #234 (Cover A Patrick Brown),$3.99
11/01/17,Marvel Comics,Spider-Man #234 (Cover B Mark Bagley Lenticular Homage Variant),Ar
11/01/17,Marvel Comics,Spider-Man #234 (Cover C Mike Mckone Legacy Headshot Variant),Ar
11/01/17,Marvel Comics,Spider-Man #234 (Cover D Sanford Greene),Ar
11/01/17,Marvel Comics,Spider-Man Clone Saga Omnibus Volume 2 Hc,$125.00
11/01/17,Marvel Comics,Star Wars Darth Vader #7,$3.99
11/01/17,Marvel Comics,Uncanny Inhumans Volume 2 Hc,$34.99
11/01/17,Mcfarland And Company,Ascendance Of Harley Quinn Sc,$19.99 
11/01/17,Moonstone,Sherlock Holmes The Further Crossovers Prose Sc,$15.95 
11/01/17,Nbm,Mercenary Definitive Edition Volume 1 The Cult Of The Sacred Fire Hc,$17.99 
11/01/17,Nbm,Monet Itinerant Of Light Hc,$24.99 
11/01/17,One Peace Books,Maria Holic Volume 12 Gn,$11.95 
11/01/17,Panini Uk,Doctor Who Doorway To Hell Tp,$19.99 
11/01/17,Papercutz,Dracula Marries Frankenstein Gn,$12.99 
11/01/17,Papercutz,Sisters Volume 4 Selfie Awareness Gn,$9.99 
11/01/17,Papercutz,Sisters Volume 4 Selfie Awareness Hc,$14.99 
11/01/17,Quirk Books,E.T. The Extra-Terrestrial Classic Illustrated Storybook Hc,$18.99 
11/01/17,Rabbit Publishers,Harry Moon Harry'S Christmas Carol Prose Novel Hc (Color Edition)(Not Verified By Diamond),$16.99 
11/01/17,Rabbit Publishers,Honey Moon Christmas Prose Novel Hc (Color Edition)(Not Verified By Diamond),$16.99 
11/01/17,Rabbit Publishers,Honey Moon Dia De Perros Prose Novel Hc (Not Verified By Diamond),$16.99 
11/01/17,Red Eye Press,Tommy Gun Dolls Volume 1 The Big Knockover Hc,$24.99 
11/01/17,Rizzoli,Monograph Hc,$60.00 
11/01/17,Seven Seas Entertainment,Devilman Grimoire Volume 1 Gn,$12.99
11/01/17,Seven Seas Entertainment,Dreamin' Sun Volume 4 Gn,$12.99
11/01/17,Seven Seas Entertainment,Hatsune Miku Bad End Night Volume 3 Gn,$13.99
11/01/17,Seven Seas Entertainment,In This Corner Of The World Gn,$27.99 
11/01/17,Seven Seas Entertainment,Testament Of Sister New Devil Volume 7 Gn,$12.99
11/01/17,Space Goat Productions,Evil Dead 2 Dark Ones Rising 30th Anniversary Edition Tp,$22.99
11/01/17,Super Genius,High Moon Volume 1 Bullet Holes And Bite Marks Hc,$24.99 
11/01/17,Super Genius,High Moon Volume 1 Bullet Holes And Bite Marks Tp,$14.99 
11/01/17,Taschen America,Film Noir Hc,$19.99 
11/01/17,Titan Publishing Group,Arrow A Generation Of Vipers Mmpb,$7.99 
11/01/17,Titan Publishing Group,Book Of Ballads The Original Art Edition Hc,$75.00
11/01/17,Titan Publishing Group,Dishonored Peeress And The Price #2 (Cover A Julia Frost),$3.99
11/01/17,Titan Publishing Group,Dishonored Peeress And The Price #2 (Cover B Game Art Variant),$3.99
11/01/17,Titan Publishing Group,Doctor Who Sdcc 2017 Convention Special (Cover A Alice X. Zhang),$10.00
11/01/17,Titan Publishing Group,Doctor Who Sdcc 2017 Convention Special (Cover B Alice X. Zhang),$10.00
11/01/17,Titan Publishing Group,Doctor Who The Eleventh Doctor The Complete Edition Year One Hc,$49.99
11/01/17,Titan Publishing Group,Doctor Who The Eleventh Doctor The Sapling Volume 2 Roots Hc,$22.99
11/01/17,Titan Publishing Group,Doctor Who The Lost Dimension Omega #1 (Cover A Alex Ronald),$3.99
11/01/17,Titan Publishing Group,Doctor Who The Lost Dimension Omega #1 (Cover B Photo),$3.99
11/01/17,Titan Publishing Group,Doctor Who The Lost Dimension Special #2 (Cover A Klebs Jr.),$3.99
11/01/17,Titan Publishing Group,Doctor Who The Lost Dimension Special #2 (Cover B Photo),$3.99
11/01/17,Titan Publishing Group,Doctor Who The Ninth Doctor Volume 4 Sin Eaters Hc,$22.99
11/01/17,Titan Publishing Group,Doctor Who The Tenth Doctor The Complete Edition Year One Hc,$49.99
11/01/17,Titan Publishing Group,Fighting American #0 (Terry Dodson Sdcc 2017 Variant Cover),$10.00
11/01/17,Titan Publishing Group,Forever War Tp,$19.99
11/01/17,Titan Publishing Group,Robotech #1 (Rachael Stott Sdcc 2017 Variant Cover),$5.00
11/01/17,Titan Publishing Group,Robotech #4 (Cover A Marco Turini),$3.99
11/01/17,Titan Publishing Group,Robotech #4 (Cover B Karl Kerschl),$3.99
11/01/17,Titan Publishing Group,Robotech #4 (Cover C Action Figure Variant),$3.99
11/01/17,Tohan Corporation,Megami September 2017,$20.00 
11/01/17,Tohan Corporation,Newtype September 2017,$20.00 
11/01/17,Twomorrows Publishing,Alter Ego #149,$9.95
11/01/17,Twomorrows Publishing,Back Issue #101,$8.95
11/01/17,Udon Entertainment,Daigo The Beast Volume 1 Gn (Not Verified By Diamond),$19.99 
11/01/17,Udon Entertainment,Manga Classics Adventures Of Huckleberry Finn Gn,$17.99 
11/01/17,Udon Entertainment,Manga Classics Adventures Of Huckleberry Finn Hc,$24.99 
11/01/17,Udon Entertainment,Manga Classics Stories Of Edgar Allen Poe Gn,$17.99 
11/01/17,Udon Entertainment,Manga Classics Stories Of Edgar Allen Poe Hc,$24.99 
11/01/17,Valiant Entertainment,Valiant 2017 Pullbox Preview (Not Verified By Diamond),Ar
11/01/17,Vault Comics,Spiritus #2 (Of 5),$3.99
11/01/17,Vertical Comics,Flowers Of Evil Complete Edition Volume 1 Tp,$22.95 
11/01/17,Warrant Publishing Company,Creeps #12,$5.95
11/01/17,Weldon Owen,Complete Peanuts Family Album The Ultimate Guide To Charles M. Schulz'S Classic Characters Hc,$40.00 
11/01/17,Yen Press,Aoharu X Machinegun Volume 7 Gn,$13.00
11/01/17,Yen Press,Erased Volume 3 Gn,$30.00 
11/01/17,Yen Press,Mortal Instruments Volume 1 Gn,$13.00 
11/01/17,Yen Press,Murcielago Volume 4 Gn,$13.00 
11/01/17,Yen Press,Prison School Volume 8 Gn,$20.00 
11/01/17,Yen Press,Puella Magi Oriko Magica Sadness Prayer Volume 3 Gn,$13.00
11/01/17,Yen Press,Scum'S Wish Volume 5 Gn,$15.00 
11/01/17,Yen Press,Spice And Wolf Volume 14 Gn,$13.00 
11/01/17,Yen Press,Taboo Tattoo Volume 8 Gn,$13.00
11/01/17,Yen Press,Twinkle Stars Volume 4 Gn,$20.00 
11/01/17,Z2 Comics,Allen Son Of Hellcock Hc,$21.99
11/01/17,Z2 Comics,Unpresidential Gn,$14.99
11/01/17,Zenescope Entertainment,Grimm Fairy Tales Presents Neverland Return Of Hook #1 (One Shot)(Cover A Allan Otero),$5.99
11/01/17,Zenescope Entertainment,Grimm Fairy Tales Presents Neverland Return Of Hook #1 (One Shot)(Cover B Edgar Salazar),$5.99
11/01/17,Zenescope Entertainment,Grimm Fairy Tales Presents Neverland Return Of Hook #1 (One Shot)(Cover C Fritz Casas),$5.99
11/01/17,Zenescope Entertainment,Grimm Fairy Tales Presents Neverland Return Of Hook #1 (One Shot)(Cover D Omar Zaldivar),$5.99
11/01/17,Zenescope Entertainment,Robyn Hood The Hunt #4 (Cover A Sheldon Goh),$3.99
11/01/17,Zenescope Entertainment,Robyn Hood The Hunt #4 (Cover B Harvey Tolibao),$3.99
11/01/17,Zenescope Entertainment,Robyn Hood The Hunt #4 (Cover C Julius Abrera),$3.99
11/01/17,Zenescope Entertainment,Robyn Hood The Hunt #4 (Cover D Antonio Bifulco),$3.99